feature_mean,feature_contrast,label
0.15432408,0.14042169,0
0.083230644,0.11097461,0
0.10059126,0.15860918,0
0.1375806,0.15587157,0
0.13259368,0.15054557,0
0.17908554,0.16888162,0
0.14731051,0.15739392,0
0.16613847,0.18550448,0
0.18793768,0.1614147,0
0.12697352,0.16342257,0
0.10066113,0.15205105,0
0.14953624,0.16308406,0
0.09105494,0.13063507,0
0.14746182,0.15089563,0
0.11663698,0.13983963,0
0.13305455,0.15556084,0
0.0829317,0.14248277,0
0.14788839,0.16810288,0
0.11005004,0.1415229,0
0.12668216,0.14454019,0
0.13180226,0.1427174,0
0.1260916,0.17036046,0
0.119447164,0.15916458,0
0.10705799,0.15827909,0
0.13726623,0.16565198,0
0.10846128,0.13056344,0
0.12419757,0.14388536,0
0.119910866,0.15345126,0
0.15340465,0.16170526,0
0.13012777,0.14444165,0
0.16162717,0.17464307,0
0.19810745,0.19239274,0
0.07944233,0.10277034,0
0.19113202,0.14602514,0
0.10835295,0.14018738,0
0.14043307,0.14437854,0
0.09884055,0.1452792,0
0.13300735,0.16628863,0
0.13199061,0.16666642,0
0.12708718,0.13194096,0
0.07936988,0.14725864,0
0.19804667,0.18319954,0
0.1560622,0.13235179,0
0.09905744,0.12663351,0
0.086604886,0.13451245,0
0.14052474,0.15650536,0
0.08412115,0.123363756,0
0.10503882,0.1274044,0
0.10190938,0.11383921,0
0.2217029,0.15691262,0
0.20460515,0.21603456,0
0.1074909,0.1424061,0
0.11975111,0.14192764,0
0.2044592,0.16236971,0
0.08582903,0.13122182,0
0.09269177,0.13848715,0
0.12216294,0.15385172,0
0.15401113,0.18478669,0
0.17855792,0.17123689,0
0.12610592,0.12583563,0
0.18172231,0.16089644,0
0.118329994,0.1621894,0
0.10052545,0.12310552,0
0.1421596,0.156793,0
0.101206355,0.13812187,0
0.08916951,0.13526116,0
0.18696855,0.17153628,0
0.19593392,0.18228294,0
0.12365963,0.15473896,0
0.12869564,0.14421672,0
0.11136245,0.13856235,0
0.19103032,0.18631203,0
0.11741321,0.1804232,0
0.17425409,0.17140849,0
0.17149666,0.15844361,0
0.099373974,0.13735025,0
0.099061586,0.14901076,0
0.14937444,0.15163581,0
0.14915185,0.16747196,0
0.14563286,0.1646873,0
0.120419346,0.16484725,0
0.10062298,0.12864871,0
0.19244154,0.19128871,0
0.079336114,0.09861526,0
0.13472514,0.16555011,0
0.13024609,0.15519035,0
0.11729059,0.15402643,0
0.104610674,0.18403274,0
0.13458727,0.14028853,0
0.10349931,0.12701274,0
0.11016743,0.14270231,0
0.19161713,0.19590148,0
0.107523404,0.121357426,0
0.144466,0.16244793,0
0.089960836,0.14354245,0
0.09771589,0.14852378,0
0.09126745,0.12744987,0
0.0893671,0.12733275,0
0.10454339,0.12161006,0
0.1499793,0.16632676,0
0.13042381,0.15953463,0
0.11298528,0.1504879,0
0.124449864,0.16462897,0
0.18707849,0.17834939,0
0.15469556,0.18622227,0
0.104788266,0.1445551,0
0.10576239,0.14452209,0
0.15307249,0.17712867,0
0.09495611,0.13553713,0
0.13405512,0.15618646,0
0.13824038,0.1729664,0
0.11654624,0.13563022,0
0.1491187,0.17228909,0
0.21011569,0.173813,0
0.09572751,0.12862179,0
0.07749131,0.13125077,0
0.08527161,0.13401039,0
0.12665005,0.14053236,0
0.094287574,0.129914,0
0.117637835,0.18410714,0
0.10065229,0.1534116,0
0.09731885,0.12516414,0
0.14144635,0.14724965,0
0.15726244,0.18810497,0
0.17719385,0.18259363,0
0.15803994,0.16960926,0
0.1780714,0.17837532,0
0.14592408,0.17469901,0
0.103841856,0.15573134,0
0.08212521,0.1353886,0
0.16474387,0.13304137,0
0.14096007,0.15774198,0
0.1535226,0.164044,0
0.089987725,0.0915077,0
0.121626705,0.15420914,0
0.13236201,0.15393397,0
0.11818142,0.16047572,0
0.17079559,0.14821917,0
0.13181898,0.12397135,0
0.10189545,0.14383183,0
0.07159333,0.11589269,0
0.097933866,0.12927334,0
0.12249768,0.14197928,0
0.09095185,0.12533545,0
0.13357577,0.18204422,0
0.12159318,0.1356486,0
0.08607178,0.11927652,0
0.09915201,0.14136723,0
0.115736455,0.14824237,0
0.11812499,0.16005246,0
0.18023343,0.16373584,0
0.08830806,0.12421892,0
0.1565843,0.1762419,0
0.12652883,0.10753701,0
0.15859471,0.14115112,0
0.10679687,0.13744932,0
0.1321484,0.16557725,0
0.12609804,0.18126456,0
0.09003242,0.13369781,0
0.08627194,0.12659346,0
0.15100385,0.15635672,0
0.12559429,0.14649567,0
0.18910505,0.17171232,0
0.06345437,0.089205064,0
0.1697604,0.1464116,0
0.13716885,0.14890985,0
0.09228052,0.111350894,0
0.10931365,0.14050244,0
0.07208431,0.114956036,0
0.111170344,0.15090333,0
0.08228222,0.12856923,0
0.1360825,0.13995889,0
0.13538307,0.1576826,0
0.1506931,0.15066497,0
0.14258736,0.17566495,0
0.12771983,0.16402315,0
0.10570972,0.12190564,0
0.08520691,0.10589143,0
0.15397082,0.15214951,0
0.12916543,0.13783619,0
0.12364659,0.15224026,0
0.19500817,0.18344979,0
0.13327786,0.16219506,0
0.11034118,0.13893996,0
0.11915173,0.12211669,0
0.1700929,0.1788383,0
0.1338867,0.15145904,0
0.22954354,0.14069551,0
0.15925652,0.17850736,0
0.15069473,0.1645611,0
0.09557909,0.13994397,0
0.10587126,0.137483,0
0.11491183,0.118327774,0
0.1324483,0.16642888,0
0.15226491,0.1652673,0
0.23422964,0.15800865,0
0.11347861,0.14190415,0
0.18343581,0.17859563,0
0.1343203,0.14561717,0
0.11948443,0.17034975,0
0.14321105,0.1605758,0
0.0691969,0.100029126,0
0.10522608,0.14401473,0
0.097804286,0.15283751,0
0.101956174,0.15239483,0
0.13104883,0.16090989,0
0.12666093,0.15043548,0
0.14637122,0.15051025,0
0.18573728,0.19020748,0
0.100048296,0.14124638,0
0.08641974,0.11927218,0
0.10598185,0.14883934,0
0.10266717,0.136888,0
0.09328419,0.119621135,0
0.07946516,0.12257598,0
0.15638998,0.14367135,0
0.1585478,0.15057318,0
0.12219881,0.13124852,0
0.11560141,0.10925372,0
0.14606032,0.15007037,0
0.1020012,0.15920013,0
0.11679047,0.1290258,0
0.10297346,0.14048891,0
0.10064159,0.13719703,0
0.105949424,0.13152303,0
0.09694042,0.12649603,0
0.13984242,0.17599134,0
0.07953158,0.10580657,0
0.15124464,0.156295,0
0.085317805,0.101900175,0
0.1250315,0.15007071,0
0.101174384,0.14166936,0
0.18882711,0.15886547,0
0.15216696,0.16580126,0
0.19031224,0.1817705,0
0.1973384,0.12297037,0
0.08503082,0.12984288,0
0.16055931,0.15423816,0
0.110493034,0.16104767,0
0.09378079,0.1373954,0
0.10029997,0.119130835,0
0.1579074,0.17771001,0
0.14482646,0.17089772,0
0.1296457,0.15004008,0
0.12200623,0.1678113,0
0.14323567,0.14747661,0
0.10626266,0.16692899,0
0.097419836,0.14060773,0
0.18756425,0.16984506,0
0.09509508,0.11254409,0
0.10647229,0.15411319,0
0.1253792,0.134816,0
0.13670555,0.16737357,0
0.15511635,0.15038061,0
0.073110655,0.107381195,0
0.119215116,0.1636701,0
0.1344265,0.16019228,0
0.06690161,0.1347827,0
0.1864385,0.15736343,0
0.14040437,0.1629836,0
0.103372216,0.1405024,0
0.15135579,0.1657594,0
0.1281301,0.15518428,0
0.11453793,0.13482638,0
0.18565233,0.17231847,0
0.067186646,0.08145235,0
0.08662052,0.1242102,0
0.114245236,0.1591371,0
0.09181845,0.12962076,0
0.09369209,0.1142939,0
0.12131056,0.15012577,0
0.20572928,0.20164268,0
0.20117837,0.19644561,0
0.13741958,0.15014187,0
0.12940098,0.14560771,0
0.11698743,0.1518353,0
0.11636851,0.14347276,0
0.100466125,0.13138719,0
0.08616971,0.12147218,0
0.10144239,0.13092706,0
0.1528767,0.18406685,0
0.16680807,0.14967059,0
0.098400146,0.14736931,0
0.106258675,0.11906092,0
0.124030314,0.13892584,0
0.09720866,0.12606572,0
0.10103268,0.13340783,0
0.10760132,0.15491635,0
0.16153976,0.14200905,0
0.11937205,0.15116785,0
0.17305957,0.15864377,0
0.08817012,0.12553595,0
0.08068775,0.11403112,0
0.18270887,0.17376596,0
0.088460624,0.11413463,0
0.09922149,0.12129567,0
0.10029918,0.12530911,0
0.15718195,0.1517822,0
0.11562453,0.093016155,0
0.15179229,0.19352089,0
0.107402034,0.14721568,0
0.093381815,0.138512,0
0.096647575,0.13355976,0
0.13893871,0.15055549,0
0.11390612,0.14541031,0
0.16213165,0.1747478,0
0.078515396,0.10260239,0
0.1620488,0.15593848,0
0.11385195,0.14202258,0
0.14508086,0.1251997,0
0.1350369,0.16076225,0
0.09334374,0.118684575,0
0.20309351,0.1953931,0
0.09650962,0.122565694,0
0.13569045,0.14056288,0
0.17108765,0.19356218,0
0.16961911,0.17406242,0
0.07966766,0.12840238,0
0.14487545,0.15619761,0
0.13394961,0.15869604,0
0.106136516,0.1820062,0
0.15518342,0.1528431,0
0.13002038,0.15743078,0
0.13624638,0.15442011,0
0.15262856,0.15949331,0
0.11334949,0.133205,0
0.0761403,0.12114515,0
0.20813185,0.18729036,0
0.1515562,0.13463493,0
0.1460013,0.17224538,0
0.13770385,0.14400542,0
0.12655118,0.15604554,0
0.1293584,0.15746692,0
0.11022667,0.15501878,0
0.14165339,0.16254674,0
0.2165886,0.1725529,0
0.11530613,0.12848698,0
0.15156329,0.17262323,0
0.12129907,0.15082365,0
0.08989886,0.127097,0
0.0922498,0.117835686,0
0.08288387,0.10811316,0
0.12396521,0.1620253,0
0.21611983,0.20932043,0
0.16255857,0.14140846,0
0.12562916,0.13816948,0
0.1050904,0.15093246,0
0.16801369,0.16659603,0
0.15588361,0.16941588,0
0.07978262,0.115969285,0
0.14074919,0.16618095,0
0.069865055,0.09799413,0
0.08868681,0.1253816,0
0.09310888,0.12212619,0
0.11030578,0.14592113,0
0.11786778,0.16145174,0
0.1787376,0.14161217,0
0.16058892,0.17076914,0
0.107086055,0.17001548,0
0.122525185,0.15841487,0
0.11816126,0.11077029,0
0.12688482,0.15192927,0
0.08016738,0.11899669,0
0.10868982,0.13277349,0
0.09941086,0.12370333,0
0.14268646,0.14805286,0
0.09410241,0.1215812,0
0.19800757,0.19245508,0
0.119552985,0.16097051,0
0.1268956,0.14709954,0
0.15430915,0.16662514,0
0.19841838,0.21578696,0
0.101381496,0.15047607,0
0.08966313,0.12194194,0
0.11468087,0.16155751,0
0.16523728,0.13706644,0
0.18338743,0.16346785,0
0.08489686,0.12340046,0
0.10271781,0.12754387,0
0.18619892,0.17970526,0
0.17083295,0.18796442,0
0.18806304,0.17676157,0
0.08443839,0.13079752,0
0.15384272,0.15575679,0
0.1863973,0.18855886,0
0.15784276,0.20238642,0
0.12473389,0.12887475,0
0.21813188,0.18961282,0
0.13569836,0.13512187,0
0.08122922,0.1162804,0
0.17606035,0.1967014,0
0.1688044,0.1485562,0
0.13403416,0.13685519,0
0.06618062,0.11642019,0
0.16976541,0.18599953,0
0.17986554,0.1713876,0
0.09794051,0.122800276,0
0.16087592,0.14756282,0
0.09144229,0.14685108,0
0.106622495,0.13252245,0
0.10475613,0.13295801,0
0.15069404,0.16373149,0
0.11186296,0.15464169,0
0.09675379,0.14172676,0
0.16505642,0.18053496,0
0.10633754,0.13380352,0
0.12580878,0.1453242,0
0.16148148,0.16889381,0
0.14569001,0.1499358,0
0.12028538,0.13315207,0
0.14109004,0.16445294,0
0.15068348,0.15016936,0
0.11119284,0.14062288,0
0.11593373,0.14530352,0
0.107459165,0.13181117,0
0.071671255,0.113272116,0
0.10797789,0.16435723,0
0.07740441,0.12032961,0
0.13400665,0.15093322,0
0.17555673,0.14612728,0
0.10546898,0.11083726,0
0.14665656,0.17139702,0
0.16934375,0.16021559,0
0.078540325,0.11368368,0
0.21844159,0.164417,0
0.122444056,0.14500715,0
0.122798644,0.15602201,0
0.21560368,0.16170418,0
0.12331956,0.19269307,0
0.18610947,0.18685143,0
0.16244428,0.19271846,0
0.10427634,0.12848729,0
0.09629914,0.10602991,0
0.120008945,0.1588648,0
0.13042343,0.15358955,0
0.15959987,0.17023173,0
0.1259482,0.1695667,0
0.14536346,0.15713212,0
0.080926746,0.11365839,0
0.20454769,0.17704909,0
0.1243929,0.17046496,0
0.06595061,0.09796592,0
0.1173743,0.15236299,0
0.0964614,0.106736146,0
0.12356913,0.17731525,0
0.1321607,0.13987498,0
0.09166604,0.12664498,0
0.11709826,0.12607989,0
0.1308025,0.1533678,0
0.11470252,0.17716925,0
0.110433094,0.18224624,0
0.08417258,0.11666019,0
0.118404865,0.1336119,0
0.14068314,0.17196235,0
0.16055344,0.16999221,0
0.11391385,0.1511003,0
0.10118829,0.12952143,0
0.16064905,0.16704145,0
0.11280787,0.1423952,0
0.095935166,0.12485154,0
0.14485724,0.15006515,0
0.102266215,0.13305119,0
0.13326682,0.13472135,0
0.12507863,0.13661502,0
0.14357516,0.1494268,0
0.17135252,0.17378102,0
0.115316354,0.19707292,0
0.11796531,0.17673877,0
0.1783276,0.16621071,0
0.16835509,0.15952992,0
0.17617424,0.16830412,0
0.11406257,0.13276312,0
0.1137663,0.16865115,0
0.14615706,0.15941642,0
0.13006821,0.13658373,0
0.10090749,0.13070634,0
0.13573922,0.17225546,0
0.089018114,0.1617464,0
0.10533409,0.1238668,0
0.11817463,0.16043822,0
0.14657448,0.16470891,0
0.12453763,0.17644252,0
0.09901439,0.14628544,0
0.06786035,0.105975166,0
0.09845594,0.13571297,0
0.11104583,0.140604,0
0.13207199,0.18265893,0
0.15047099,0.16453686,0
0.10672918,0.14105435,0
0.08370231,0.11920687,0
0.13083962,0.18245023,0
0.15853685,0.18406811,0
0.1338004,0.15553215,0
0.11136369,0.13045295,0
0.10565837,0.16330953,0
0.18888088,0.18353081,0
0.099299334,0.1412882,0
0.10978321,0.14520447,0
0.13997412,0.14793466,0
0.1023433,0.106229246,0
0.08477455,0.14150736,0
0.15374932,0.17064129,0
0.114197165,0.14394152,0
0.10159283,0.1329624,0
0.16108999,0.18859206,0
0.1171993,0.14670722,0
0.14976977,0.15816337,0
0.123877995,0.16091225,0
0.12466074,0.13416444,0
0.16018878,0.14055277,0
0.084957115,0.11204596,0
0.11106647,0.16397688,0
0.18379502,0.16083054,0
0.09888097,0.1365758,0
0.15114507,0.15533789,0
0.07780605,0.11023932,0
0.12067328,0.16258593,0
0.0908043,0.11822528,0
0.1637048,0.15236956,0
0.13893597,0.14628504,0
0.09602169,0.11872028,0
0.13908502,0.14886925,0
0.121309385,0.16078196,0
0.11527581,0.16899943,0
0.14984645,0.1574637,0
0.18544637,0.17418513,0
0.16983068,0.17616351,0
0.1549749,0.1643293,0
0.11152133,0.15616223,0
0.11958472,0.15411377,0
0.18361135,0.12728103,0
0.106066264,0.115524344,0
0.13291115,0.15312198,0
0.1262484,0.15385836,0
0.119802535,0.1583198,0
0.13514024,0.14780328,0
0.09206433,0.14732723,0
0.15267506,0.19948463,0
0.09695567,0.13258277,0
0.13388044,0.15207462,0
0.1304618,0.15417399,0
0.15219824,0.1456787,0
0.14663187,0.17218585,0
0.102342896,0.15089422,0
0.103630826,0.15291096,0
0.09351108,0.13984504,0
0.16024466,0.17612211,0
0.14412971,0.14842176,0
0.08439509,0.10727651,0
0.12683168,0.1642709,0
0.10253696,0.16788723,0
0.17811595,0.1595833,0
0.1697666,0.18357292,0
0.10046379,0.12490238,0
0.09450547,0.13536808,0
0.17763145,0.15434162,0
0.15344685,0.16151553,0
0.12916833,0.17113334,0
0.10742407,0.102029376,0
0.1097797,0.16361196,0
0.10058875,0.14475542,0
0.07376803,0.11894069,0
0.1271958,0.14452466,0
0.113311894,0.12973249,0
0.0934184,0.12289192,0
0.11348454,0.1606193,0
0.08834636,0.115706295,0
0.083122626,0.13220012,0
0.09916287,0.12098747,0
0.09312546,0.12765935,0
0.16918263,0.15204883,0
0.13414149,0.13336167,0
0.15337199,0.18422383,0
0.09437087,0.10108285,0
0.11951266,0.13533668,0
0.100244395,0.13380557,0
0.13010487,0.11982456,0
0.104641244,0.17572941,0
0.10681772,0.16052964,0
0.16449769,0.175729,0
0.1678587,0.16671298,0
0.1188212,0.16397896,0
0.12117137,0.15752941,0
0.11011203,0.13270961,0
0.15094273,0.15562317,0
0.15327281,0.17036827,0
0.10322208,0.13344769,0
0.10077228,0.14664665,0
0.15549791,0.15173618,0
0.17321123,0.18478158,0
0.16010836,0.17585574,0
0.110929616,0.14919531,0
0.12593445,0.15428087,0
0.17155817,0.14354292,0
0.11771678,0.15657614,0
0.087477885,0.114479,0
0.12454303,0.12892982,0
0.121757455,0.1619436,0
0.07035643,0.11291501,0
0.1260577,0.10116105,0
0.13424253,0.14119038,0
0.10553736,0.14971344,0
0.14291085,0.16050407,0
0.15921973,0.1524892,0
0.122668765,0.12485286,0
0.06479115,0.098383166,0
0.14349927,0.1942005,0
0.16288017,0.15264265,0
0.09535806,0.15317455,0
0.096789114,0.117078334,0
0.11255229,0.15561596,0
0.12017488,0.12441213,0
0.10149396,0.1247105,0
0.12661159,0.15490672,0
0.17899786,0.16332823,0
0.13884601,0.14803827,0
0.09566858,0.12573671,0
0.09919131,0.1553145,0
0.18034191,0.14071688,0
0.082281746,0.094949536,0
0.11992986,0.18742356,0
0.13812934,0.1812746,0
0.13858286,0.13214493,0
0.12294678,0.1285388,0
0.10482139,0.15099452,0
0.1914592,0.15140486,0
0.11525916,0.14487873,0
0.11865084,0.15355682,0
0.094601125,0.1201749,0
0.12885506,0.15925147,0
0.116245486,0.16615269,0
0.1558605,0.16197167,0
0.14652495,0.17023322,0
0.15820524,0.16555227,0
0.12836003,0.12104839,0
0.15268779,0.15857558,0
0.15067388,0.15539025,0
0.105258204,0.14713436,0
0.0958972,0.14190733,0
0.12407207,0.142511,0
0.13108051,0.14840281,0
0.12066679,0.17316563,0
0.15327798,0.16697364,0
0.10748949,0.13475953,0
0.09691588,0.1336381,0
0.10714842,0.1278124,0
0.13558987,0.13738978,0
0.18154225,0.19393644,0
0.1010931,0.12589085,0
0.1274198,0.15649913,0
0.1776474,0.20521967,0
0.15243052,0.1584219,0
0.1417203,0.1586266,0
0.15509048,0.12533018,0
0.16357373,0.1591926,0
0.15538318,0.15483376,0
0.15325178,0.14851883,0
0.16776009,0.1442533,0
0.10011543,0.18090679,0
0.1156737,0.14742172,0
0.1005725,0.13226719,0
0.13321564,0.14335018,0
0.1931975,0.2119391,0
0.11793093,0.14231265,0
0.15021674,0.15416187,0
0.07887046,0.11085456,0
0.1507739,0.16700561,0
0.19520053,0.16493925,0
0.10977539,0.14021519,0
0.121241696,0.14587079,0
0.123418435,0.16762866,0
0.091802746,0.13078171,0
0.15049122,0.17092068,0
0.097853445,0.13491619,0
0.11299935,0.13091788,0
0.12083139,0.13840003,0
0.20632097,0.15901677,0
0.16498572,0.19093388,0
0.1559709,0.19543543,0
0.1870381,0.15680586,0
0.12786615,0.17226294,0
0.09850825,0.13243067,0
0.10162589,0.12454699,0
0.08723255,0.13664776,0
0.09426013,0.1292359,0
0.11650787,0.15827277,0
0.12874252,0.16700047,0
0.14852981,0.13382094,0
0.12490091,0.16356227,0
0.14368224,0.18188782,0
0.12602518,0.14548266,0
0.112517126,0.13914879,0
0.17311244,0.16896066,0
0.096243665,0.13049676,0
0.2257031,0.1719974,0
0.10406756,0.14593957,0
0.11932555,0.16678527,0
0.07924405,0.11783483,0
0.11938909,0.13244794,0
0.14867134,0.1850293,0
0.11720298,0.13976763,0
0.15112327,0.1540102,0
0.089731686,0.11952119,0
0.18963414,0.14622682,0
0.10881573,0.15467429,0
0.09029417,0.16207777,0
0.13527083,0.14778115,0
0.15120791,0.13937636,0
0.098593354,0.14733845,0
0.12846772,0.15024772,0
0.12048639,0.16479893,0
0.10803658,0.1409423,0
0.10550573,0.14201766,0
0.12517719,0.17294885,0
0.110367134,0.1491076,0
0.13835207,0.14840153,0
0.074039154,0.11261574,0
0.09938921,0.0904285,0
0.14873873,0.18035008,0
0.1862638,0.17477815,0
0.08741591,0.101528674,0
0.115145355,0.1467583,0
0.1396426,0.16790642,0
0.18761382,0.18106158,0
0.14522506,0.15043934,0
0.091737725,0.10131415,0
0.11886733,0.13279538,0
0.16222912,0.1380304,0
0.1777686,0.153978,0
0.114186086,0.16125053,0
0.11387431,0.13646574,0
0.10883722,0.14091928,0
0.08929775,0.11341356,0
0.10633199,0.12554276,0
0.10234563,0.13592361,0
0.15338182,0.16356523,0
0.16538851,0.17406748,0
0.12075582,0.15478723,0
0.12600939,0.15210421,0
0.13559629,0.16686994,0
0.16294418,0.1662503,0
0.15146193,0.1260732,0
0.12245595,0.13788295,0
0.09389225,0.15162458,0
0.21344267,0.18918815,0
0.12386354,0.13459852,0
0.057691365,0.07974181,0
0.07715313,0.122475244,0
0.08051072,0.105000675,0
0.10896094,0.16858652,0
0.14745899,0.15915322,0
0.12374271,0.1316136,0
0.12230667,0.1443412,0
0.17395155,0.16328235,0
0.10681226,0.11638839,0
0.14318877,0.15904957,0
0.17374904,0.14450914,0
0.08946368,0.1257088,0
0.1664261,0.14176525,0
0.08496297,0.1213193,0
0.10429461,0.12893929,0
0.08646021,0.14670874,0
0.15098643,0.15669073,0
0.13237186,0.16530472,0
0.17816463,0.18129233,0
0.22614236,0.18833607,0
0.14160101,0.15404867,0
0.10386029,0.1310305,0
0.15735601,0.15702294,0
0.09508969,0.10633641,0
0.15711004,0.14922607,0
0.09756286,0.14863479,0
0.08431936,0.136782,0
0.13090697,0.14376637,0
0.16213158,0.1675538,0
0.11267664,0.1329819,0
0.13894276,0.16252449,0
0.106344186,0.15504256,0
0.12960403,0.15515323,0
0.07767357,0.10593576,0
0.17048211,0.16292103,0
0.10614895,0.13455366,0
0.07471302,0.10625891,0
0.08931269,0.12018936,0
0.09979344,0.1495056,0
0.13248698,0.12917344,0
0.11067701,0.14088435,0
0.1376575,0.16285169,0
0.13122357,0.16038091,0
0.15312868,0.17294903,0
0.10385492,0.12801416,0
0.11281411,0.16064188,0
0.07364932,0.12662423,0
0.09690017,0.113929294,0
0.07793063,0.080141574,0
0.053046376,0.1035458,0
0.09912192,0.13700707,0
0.18326259,0.15799999,0
0.14462169,0.16705129,0
0.11976901,0.13456027,0
0.096957624,0.12240028,0
0.16865388,0.14135846,0
0.13911253,0.15933104,0
0.12398062,0.12784038,0
0.18130237,0.13302246,0
0.15898712,0.1663417,0
0.18242602,0.18174712,0
0.18086626,0.162207,0
0.05746854,0.10628645,0
0.14059024,0.15337451,0
0.12308925,0.17487666,0
0.114105254,0.16162987,0
0.15061197,0.16363157,0
0.10834975,0.1704277,0
0.12812649,0.15823153,0
0.18100616,0.18263611,0
0.101616755,0.15655111,0
0.07616031,0.13049966,0
0.1653008,0.18237863,0
0.16224249,0.17239234,0
0.072011545,0.10746135,0
0.09527546,0.13894881,0
0.15769175,0.14475757,0
0.14424771,0.14221269,0
0.14550805,0.20198289,0
0.10804947,0.15606253,0
0.096103065,0.14446965,0
0.121777475,0.13539422,0
0.12847312,0.15971489,0
0.07956308,0.11164348,0
0.17248893,0.17276898,0
0.23742485,0.1837956,0
0.08813588,0.15250868,0
0.15019915,0.17568706,0
0.10311743,0.13701703,0
0.09593956,0.13015194,0
0.0989538,0.16168511,0
0.08738503,0.120559864,0
0.123531215,0.11587931,0
0.12143538,0.17311881,0
0.10250508,0.15921782,0
0.14507188,0.15561311,0
0.1757794,0.15164378,0
0.15029731,0.17611325,0
0.059411813,0.100095555,0
0.08569795,0.1078797,0
0.13099319,0.15469427,0
0.21819651,0.17075478,0
0.09387169,0.11198482,0
0.14667773,0.15085453,0
0.13615806,0.163357,0
0.09534063,0.13471802,0
0.10461201,0.124857984,0
0.095284455,0.13306595,0
0.22882348,0.18290249,0
0.16014883,0.16609523,0
0.14821172,0.1375722,0
0.12043677,0.16577221,0
0.16622703,0.13311674,0
0.15398918,0.18117468,0
0.08884735,0.11825426,0
0.09864875,0.11041029,0
0.10385898,0.15604189,0
0.13755777,0.16956632,0
0.108478636,0.15716358,0
0.121270396,0.15108626,0
0.12242757,0.15797384,0
0.10372587,0.15722314,0
0.18806978,0.1798626,0
0.084482156,0.13255586,0
0.09818812,0.1306446,0
0.074354745,0.110426515,0
0.16053368,0.14709768,0
0.091551244,0.11515685,0
0.15126207,0.13069761,0
0.13830924,0.16744794,0
0.11900824,0.10480676,0
0.16964741,0.14997493,0
0.14557363,0.14580959,0
0.10506375,0.13695736,0
0.12826905,0.15476978,0
0.14240432,0.15322392,0
0.08118967,0.124728054,0
0.105924636,0.1605994,0
0.11163013,0.16303673,0
0.13760896,0.16366205,0
0.155196,0.14331588,0
0.10742086,0.15093234,0
0.15844308,0.16817914,0
0.16579789,0.18338494,0
0.101034164,0.13417254,0
0.1064668,0.13787839,0
0.13455299,0.13993616,0
0.13938896,0.13407804,0
0.19912718,0.15709142,0
0.14608556,0.15053631,0
0.11201935,0.14601135,0
0.09645859,0.12399335,0
0.095291324,0.13457555,0
0.07521017,0.09250667,0
0.121511266,0.14163905,0
0.09800148,0.13474528,0
0.12098691,0.15333739,0
0.17583854,0.20509616,0
0.13302213,0.1735111,0
0.09652495,0.14056434,0
0.11323764,0.1611723,0
0.09835848,0.14523277,0
0.108644396,0.12692124,0
0.09087206,0.12930925,0
0.19101353,0.17999217,0
0.09503887,0.14377484,0
0.092058696,0.17678413,0
0.106573105,0.15525983,0
0.15089998,0.15531787,0
0.12748319,0.15240297,0
0.1262709,0.14494598,0
0.1309596,0.13571396,0
0.074840255,0.1377009,0
0.122136526,0.13224782,0
0.08507349,0.11955627,0
0.48399875,0.2756304,1
0.5783307,0.22241533,1
0.52686644,0.27698568,1
0.5323633,0.24554129,1
0.6117546,0.26643226,1
0.5023395,0.28224227,1
0.34473622,0.2647878,1
0.60627127,0.26289555,1
0.5009007,0.28446612,1
0.50147974,0.2825121,1
0.6414933,0.2493023,1
0.43941188,0.23972635,1
0.5022641,0.28207195,1
0.55223113,0.29034936,1
0.49643365,0.26694426,1
0.5034479,0.2801921,1
0.5014769,0.27885476,1
0.5420087,0.23433027,1
0.6338986,0.22854099,1
0.53525394,0.2396148,1
0.38163403,0.26908112,1
0.5378885,0.23790236,1
0.53226525,0.24317192,1
0.5006798,0.28353956,1
0.50508225,0.27901188,1
0.5131079,0.26773825,1
0.5078107,0.27576664,1
0.37991986,0.27166894,1
0.5008573,0.2838749,1
0.5141125,0.26458168,1
0.5005251,0.28475195,1
0.5127288,0.2675795,1
0.5149634,0.26478034,1
0.51343405,0.26739526,1
0.5548169,0.22001241,1
0.49035874,0.28324664,1
0.43774214,0.2746945,1
0.513047,0.26706418,1
0.53900564,0.2770633,1
0.37729192,0.2728194,1
0.43467054,0.27356267,1
0.37340343,0.26756957,1
0.5407127,0.2349266,1
0.5899123,0.24997252,1
0.5611988,0.25364524,1
0.48412198,0.24492057,1
0.6621054,0.21193689,1
0.5009178,0.28424007,1
0.5428742,0.23346572,1
0.5767709,0.2715832,1
0.5149705,0.2647056,1
0.5039548,0.2816747,1
0.5294568,0.27614257,1
0.5187565,0.24855888,1
0.5127924,0.26662153,1
0.5117072,0.2684521,1
0.53860813,0.23661703,1
0.512831,0.26797557,1
0.53651977,0.23989764,1
0.5371692,0.23959967,1
0.42011666,0.23538427,1
0.50261194,0.28193203,1
0.5969533,0.23697266,1
0.5367505,0.23863076,1
0.6458783,0.25464645,1
0.50297654,0.28323632,1
0.5121348,0.26850206,1
0.50026083,0.28474897,1
0.6273719,0.26077127,1
0.38594535,0.24016742,1
0.5118742,0.26842028,1
0.50120664,0.28711167,1
0.55212605,0.26268265,1
0.5017471,0.28279665,1
0.462588,0.26390412,1
0.43163532,0.27873793,1
0.5012784,0.28254607,1
0.50288373,0.28137943,1
0.50169206,0.28353834,1
0.64251447,0.2484679,1
0.51413584,0.26591414,1
0.6023397,0.2742463,1
0.5060526,0.27660888,1
0.5138933,0.26620543,1
0.5680554,0.2718076,1
0.52352315,0.28043994,1
0.4753459,0.2908374,1
0.5138176,0.26688856,1
0.64292014,0.23689388,1
0.48335814,0.25766844,1
0.5121471,0.26781794,1
0.5032897,0.29053512,1
0.5144275,0.25930035,1
0.51407987,0.26662073,1
0.48372078,0.28299615,1
0.50245774,0.28052783,1
0.53803265,0.23715769,1
0.58015114,0.29131842,1
0.4799314,0.23557647,1
0.50104785,0.2848151,1
0.47261557,0.28132072,1
0.37741888,0.23888446,1
0.51044816,0.2729849,1
0.42341718,0.26608735,1
0.5949592,0.2654785,1
0.50375974,0.27913463,1
0.5318229,0.24412799,1
0.5171158,0.26240703,1
0.5025891,0.28274944,1
0.5773906,0.28150854,1
0.40392467,0.2709078,1
0.5999279,0.24065566,1
0.5896359,0.28700167,1
0.4936412,0.28446904,1
0.5003314,0.28473553,1
0.65330714,0.22058095,1
0.50156444,0.28260547,1
0.51307744,0.26695466,1
0.5963158,0.21938732,1
0.54724115,0.22717664,1
0.5850524,0.19107467,1
0.5018179,0.28256664,1
0.50405306,0.27715307,1
0.54155105,0.2349313,1
0.5124834,0.26726785,1
0.4842087,0.22901244,1
0.5333544,0.24145703,1
0.50099045,0.28366542,1
0.54133993,0.23312914,1
0.40258026,0.2668947,1
0.51333654,0.26703975,1
0.51305735,0.26741013,1
0.5103783,0.2260566,1
0.4976899,0.2793879,1
0.3897297,0.2781247,1
0.5037295,0.2799843,1
0.53479,0.2401601,1
0.50264484,0.28212014,1
0.3978505,0.28052676,1
0.4204241,0.2698017,1
0.5007577,0.28438085,1
0.5075178,0.2780075,1
0.50650847,0.27709988,1
0.5033835,0.28137016,1
0.5399501,0.23654848,1
0.498487,0.28509843,1
0.5141859,0.2669451,1
0.44482332,0.27814177,1
0.5012641,0.28139335,1
0.5044935,0.27938572,1
0.6472909,0.18260653,1
0.6590604,0.22354954,1
0.5059463,0.2747829,1
0.5422158,0.26949885,1
0.48133668,0.2799141,1
0.42061484,0.26572233,1
0.53348166,0.24743809,1
0.51252156,0.26723737,1
0.49921623,0.28482124,1
0.54370135,0.28981182,1
0.50143635,0.2835481,1
0.5015488,0.2829159,1
0.50087416,0.28410834,1
0.4588956,0.26006916,1
0.48353297,0.20866911,1
0.65535057,0.25371698,1
0.5025115,0.2816684,1
0.50033164,0.2839875,1
0.5019712,0.2839495,1
0.5009677,0.28444436,1
0.53718275,0.23955034,1
0.5140937,0.26662117,1
0.37962544,0.2753791,1
0.49009624,0.28816345,1
0.4986118,0.28364044,1
0.38362718,0.26786125,1
0.5115175,0.28693423,1
0.50005853,0.28467587,1
0.535526,0.24022602,1
0.5273815,0.246723,1
0.34469685,0.26381677,1
0.51347667,0.26733384,1
0.4499793,0.27940282,1
0.566991,0.18358745,1
0.50034314,0.28379682,1
0.5377453,0.23667619,1
0.6096154,0.22771147,1
0.4465239,0.28307733,1
0.33552936,0.2636103,1
0.502585,0.28215855,1
0.51188225,0.2678782,1
0.5154567,0.26057968,1
0.5037965,0.28240547,1
0.4221818,0.26763684,1
0.5204974,0.26007295,1
0.48060134,0.28289032,1
0.54010916,0.28897423,1
0.5057387,0.27490944,1
0.41768852,0.25293154,1
0.5015979,0.2834158,1
0.5384769,0.29570812,1
0.535937,0.23985961,1
0.542185,0.2696869,1
0.55019337,0.23339418,1
0.5006683,0.28393286,1
0.5007928,0.28339666,1
0.47482753,0.23783965,1
0.53668535,0.23863134,1
0.5127746,0.267646,1
0.5375246,0.23836537,1
0.50166845,0.28372046,1
0.53798187,0.23796244,1
0.5050553,0.2781152,1
0.504402,0.27960962,1
0.50179124,0.28368288,1
0.5365664,0.23960517,1
0.35173985,0.26770657,1
0.42708653,0.2757687,1
0.5011034,0.28287905,1
0.35697162,0.26326478,1
0.54837793,0.27980915,1
0.5395338,0.23570517,1
0.5422673,0.26603478,1
0.50392765,0.27923143,1
0.56113964,0.268354,1
0.50124025,0.2830311,1
0.5021219,0.2821571,1
0.5396039,0.23534325,1
0.60439104,0.26532084,1
0.51379347,0.26612368,1
0.5719518,0.2846736,1
0.51213187,0.26838905,1
0.5397943,0.23690335,1
0.5317364,0.2641518,1
0.6486663,0.21895513,1
0.50516313,0.27809036,1
0.5409329,0.23428564,1
0.6440004,0.22205152,1
0.60261875,0.2661305,1
0.5130655,0.2670013,1
0.5010794,0.28367606,1
0.5156094,0.2646734,1
0.53793925,0.23800646,1
0.50729716,0.2733984,1
0.49911958,0.28441504,1
0.50094587,0.2827377,1
0.53950226,0.23641549,1
0.50156945,0.28022885,1
0.5394806,0.2352418,1
0.46748558,0.23694378,1
0.50211763,0.28387192,1
0.4789416,0.2513056,1
0.5026507,0.28251722,1
0.51517224,0.26388818,1
0.5017784,0.28255695,1
0.5083217,0.2342736,1
0.49951965,0.2812114,1
0.5401705,0.23840624,1
0.5139801,0.2669251,1
0.502523,0.28239942,1
0.38119164,0.26940402,1
0.51441365,0.26558945,1
0.53606516,0.23981221,1
0.5124544,0.26738384,1
0.5389556,0.23614322,1
0.45167974,0.26675203,1
0.5443187,0.23481481,1
0.50052226,0.28406578,1
0.5315935,0.28736025,1
0.5008189,0.2846469,1
0.5896819,0.23366675,1
0.48886594,0.28409114,1
0.5143634,0.26541433,1
0.51596636,0.26345658,1
0.37035587,0.27187985,1
0.5040301,0.27894807,1
0.5052015,0.29155996,1
0.5023399,0.22518206,1
0.49336055,0.26103464,1
0.4260122,0.26228982,1
0.5925396,0.22418393,1
0.5121074,0.26794338,1
0.5689607,0.2789508,1
0.50828403,0.27592504,1
0.42137906,0.28040028,1
0.5337987,0.24332726,1
0.5131096,0.2666511,1
0.61173344,0.26047632,1
0.6263329,0.2543293,1
0.6510318,0.24680178,1
0.4044879,0.2776916,1
0.5400869,0.23567766,1
0.5161177,0.26427254,1
0.4989441,0.28243652,1
0.5142907,0.26547626,1
0.38897824,0.2756812,1
0.55941963,0.24619177,1
0.6331542,0.22401628,1
0.49897248,0.28538576,1
0.513605,0.26552513,1
0.5123699,0.26739877,1
0.37969783,0.27432036,1
0.53424144,0.24328366,1
0.4211185,0.23700258,1
0.6234929,0.24914259,1
0.515236,0.26536143,1
0.4888386,0.27690881,1
0.51384676,0.2658145,1
0.43380204,0.26947486,1
0.5991416,0.17988214,1
0.44119915,0.24045166,1
0.49442267,0.26321906,1
0.5024503,0.2823618,1
0.51428777,0.26631874,1
0.5033767,0.28047377,1
0.50066286,0.2841408,1
0.4846251,0.27839148,1
0.5299762,0.2449655,1
0.512612,0.26743275,1
0.4149487,0.27617833,1
0.5317849,0.24496563,1
0.5365431,0.23857291,1
0.46415582,0.24026193,1
0.5141889,0.26348913,1
0.62785155,0.21704432,1
0.5008768,0.28353706,1
0.65821683,0.23967262,1
0.50198144,0.28219375,1
0.5006964,0.28414425,1
0.51329833,0.26747555,1
0.58436286,0.26813802,1
0.5601961,0.2877789,1
0.37439075,0.26702982,1
0.5125903,0.2672818,1
0.5369809,0.2392451,1
0.51717037,0.2624979,1
0.51228863,0.267789,1
0.50437456,0.27955857,1
0.5053526,0.27928358,1
0.5049052,0.28036422,1
0.5410968,0.23553659,1
0.5866433,0.2395018,1
0.51383924,0.26568216,1
0.5340428,0.24184875,1
0.5850129,0.2727786,1
0.5525188,0.26444888,1
0.62163764,0.26297727,1
0.51478165,0.26597762,1
0.50415,0.28004244,1
0.55659205,0.23966338,1
0.5125486,0.26777154,1
0.5029356,0.28115842,1
0.596613,0.2803946,1
0.49973866,0.2845456,1
0.50142074,0.28348786,1
0.5042633,0.28081942,1
0.5134409,0.26660955,1
0.38588625,0.26412547,1
0.5719461,0.28018162,1
0.6297622,0.2701536,1
0.5005129,0.28443855,1
0.5024674,0.280899,1
0.5409297,0.23790099,1
0.53941184,0.23537515,1
0.5009277,0.28428376,1
0.5883398,0.28065884,1
0.5029088,0.26691967,1
0.50365126,0.28237665,1
0.5378624,0.23845282,1
0.52774435,0.24851501,1
0.42829925,0.27231103,1
0.4663039,0.27655485,1
0.50190413,0.2827719,1
0.501753,0.28190804,1
0.44751868,0.1820231,1
0.49997592,0.28469548,1
0.5650554,0.20862572,1
0.53876287,0.23627242,1
0.51258177,0.26782706,1
0.6285374,0.25442225,1
0.5079574,0.27523363,1
0.40603718,0.27590194,1
0.5003667,0.28422153,1
0.54125243,0.23515525,1
0.5076161,0.2732375,1
0.42517272,0.27580702,1
0.50399137,0.2791097,1
0.52593803,0.2468461,1
0.53979516,0.23831987,1
0.50151247,0.28418362,1
0.51245266,0.2677722,1
0.50006026,0.28448975,1
0.61910313,0.21485329,1
0.5398858,0.23607977,1
0.50257885,0.28159818,1
0.5154422,0.26512513,1
0.51381373,0.26484677,1
0.64305246,0.23540917,1
0.3930752,0.26645187,1
0.50082785,0.28369197,1
0.52645344,0.25488976,1
0.51339924,0.26671138,1
0.5024536,0.28265598,1
0.61406344,0.27268153,1
0.44247058,0.28475,1
0.37295026,0.26731044,1
0.5953151,0.28306416,1
0.5006103,0.2834023,1
0.5134339,0.26702884,1
0.5312134,0.24479023,1
0.512634,0.267379,1
0.53360206,0.24274471,1
0.5055052,0.27954203,1
0.42009312,0.2762512,1
0.45469105,0.28878146,1
0.5807552,0.19365168,1
0.53509754,0.24070045,1
0.44671106,0.2725555,1
0.5134544,0.26652035,1
0.50244147,0.28262365,1
0.5026515,0.2819891,1
0.51227295,0.26759857,1
0.6268609,0.22896653,1
0.50246716,0.28257865,1
0.50283414,0.28249645,1
0.42826673,0.2700546,1
0.52653223,0.27528298,1
0.53776056,0.23839323,1
0.5017753,0.28321066,1
0.5397525,0.24752064,1
0.5230081,0.22194628,1
0.5011062,0.28427124,1
0.50058216,0.28402185,1
0.6535672,0.25663906,1
0.5023084,0.28345373,1
0.49649197,0.27900445,1
0.51464057,0.26530755,1
0.5005996,0.28424007,1
0.4422849,0.24323297,1
0.50080824,0.28328973,1
0.50108004,0.28118837,1
0.6611613,0.25000295,1
0.5033409,0.28151152,1
0.57791865,0.28372914,1
0.58951974,0.26486507,1
0.5994406,0.17963055,1
0.5129937,0.26569626,1
0.5384825,0.23612334,1
0.5018796,0.28265876,1
0.5037774,0.28035718,1
0.5008036,0.28343388,1
0.51384974,0.26654494,1
0.51380396,0.2645302,1
0.57663804,0.27761704,1
0.541744,0.23396209,1
0.50039107,0.28465024,1
0.3693447,0.23879464,1
0.4073545,0.23756912,1
0.513172,0.26602492,1
0.6479682,0.23457867,1
0.5124594,0.26738164,1
0.5009338,0.28348634,1
0.5016528,0.2837723,1
0.39409602,0.27896532,1
0.50496984,0.28110018,1
0.5031394,0.28223366,1
0.51580864,0.26460686,1
0.53026295,0.24579811,1
0.49314457,0.23530394,1
0.5007879,0.28284383,1
0.61504877,0.25519237,1
0.5044702,0.27961692,1
0.40997285,0.24958414,1
0.5393565,0.23630054,1
0.53582275,0.24362814,1
0.6069516,0.17261697,1
0.639836,0.2542835,1
0.391496,0.2688676,1
0.37197027,0.27102694,1
0.53379196,0.2413926,1
0.5021458,0.27914926,1
0.5377861,0.23883629,1
0.5010935,0.28364685,1
0.4260855,0.26276064,1
0.5131273,0.26717797,1
0.5019624,0.28328133,1
0.5457211,0.22667219,1
0.5009735,0.2837804,1
0.4449582,0.26099575,1
0.5353821,0.24089319,1
0.515588,0.2629892,1
0.5417291,0.24890026,1
0.5377475,0.23883484,1
0.50632656,0.2751987,1
0.5399383,0.24023591,1
0.5186838,0.26030827,1
0.4191118,0.27059367,1
0.5038801,0.27938625,1
0.52983904,0.24967994,1
0.63435805,0.25616127,1
0.54417616,0.27504823,1
0.5381476,0.23773324,1
0.34980136,0.24887872,1
0.5183336,0.2630155,1
0.5340625,0.23764779,1
0.52773356,0.24860688,1
0.5130738,0.26655975,1
0.47425678,0.29120916,1
0.5006415,0.2834595,1
0.59161586,0.27284074,1
0.5122156,0.26751232,1
0.5020654,0.28392285,1
0.504256,0.27810642,1
0.51454085,0.26625913,1
0.5422316,0.23326848,1
0.5275939,0.24393192,1
0.5029404,0.28169078,1
0.5021768,0.28453165,1
0.53058773,0.23259582,1
0.50071734,0.28534326,1
0.5045408,0.27925602,1
0.4599124,0.23188779,1
0.51342547,0.26633894,1
0.5009702,0.2838345,1
0.5027421,0.28196934,1
0.5044134,0.2801097,1
0.503242,0.27755672,1
0.53106123,0.24612828,1
0.5136145,0.2668476,1
0.57378197,0.20122896,1
0.4043289,0.27788362,1
0.5398049,0.27255338,1
0.51243544,0.26863083,1
0.5215222,0.25572455,1
0.49661738,0.26997468,1
0.47757366,0.28850046,1
0.7372619,0.085437894,1
0.5007868,0.2825632,1
0.51513207,0.26524982,1
0.50382,0.2881132,1
0.5392809,0.23732394,1
0.50033396,0.28432915,1
0.5309606,0.26984668,1
0.50562936,0.28275764,1
0.5123065,0.26756528,1
0.45875686,0.21575226,1
0.61474544,0.27956992,1
0.5350826,0.23981036,1
0.49978518,0.2857818,1
0.45446044,0.28127494,1
0.5191076,0.26306155,1
0.5435644,0.2907249,1
0.3388564,0.25917286,1
0.5140315,0.26553583,1
0.5692598,0.28227758,1
0.5495385,0.28092393,1
0.33621496,0.2627769,1
0.53717315,0.23709379,1
0.65092057,0.24246019,1
0.5253524,0.28201762,1
0.49188575,0.2635338,1
0.47497338,0.2742785,1
0.47058818,0.2811749,1
0.53922415,0.23681352,1
0.5209374,0.25649175,1
0.45128798,0.27751514,1
0.52796304,0.24607496,1
0.51292783,0.26688156,1
0.5268214,0.2516049,1
0.50034684,0.2852196,1
0.595315,0.26885766,1
0.50011706,0.2835157,1
0.53820664,0.2369895,1
0.5517001,0.26554158,1
0.51368904,0.26558635,1
0.44122353,0.23454542,1
0.5363531,0.23838486,1
0.538949,0.23676689,1
0.49297515,0.23043953,1
0.5094164,0.280443,1
0.5129282,0.26771152,1
0.560558,0.26592597,1
0.3941143,0.24268126,1
0.48511735,0.27549335,1
0.5122569,0.26836818,1
0.54170114,0.23490937,1
0.5124174,0.26748934,1
0.502752,0.28199336,1
0.5001594,0.28371304,1
0.55720305,0.24036811,1
0.606366,0.24227604,1
0.53804076,0.23970293,1
0.503178,0.2807788,1
0.5241981,0.2463559,1
0.5055138,0.27630234,1
0.60776955,0.2612608,1
0.43564677,0.20861663,1
0.53855747,0.237508,1
0.51180106,0.26844928,1
0.5398958,0.2828362,1
0.61531085,0.22584654,1
0.50133586,0.28537244,1
0.52822655,0.2482705,1
0.54209703,0.23370221,1
0.51744694,0.2618579,1
0.5109348,0.2839011,1
0.53336424,0.27966157,1
0.50223714,0.28222194,1
0.4267199,0.2753234,1
0.51239914,0.26723003,1
0.38450137,0.26897824,1
0.5349592,0.24028967,1
0.36039203,0.2688921,1
0.5133618,0.26714197,1
0.5778925,0.2848702,1
0.61632,0.2518859,1
0.48915252,0.27362382,1
0.5362465,0.24333832,1
0.5391612,0.23667412,1
0.42367962,0.25766036,1
0.48622823,0.264067,1
0.54449797,0.2341522,1
0.5010995,0.28388172,1
0.5049228,0.2837282,1
0.5015902,0.28320098,1
0.500018,0.2844831,1
0.5358206,0.2396963,1
0.5136927,0.2868132,1
0.3572882,0.26234558,1
0.5433893,0.23633005,1
0.62438995,0.25828475,1
0.5394819,0.23664829,1
0.49906257,0.28647017,1
0.51374274,0.2663241,1
0.41332588,0.2675868,1
0.54094505,0.23348947,1
0.5114654,0.2685614,1
0.5032806,0.2797065,1
0.52299064,0.27076954,1
0.42924297,0.28336695,1
0.44940633,0.27994853,1
0.53459024,0.24202308,1
0.5014485,0.2847409,1
0.51546574,0.26465008,1
0.50110805,0.2839872,1
0.52978,0.22902188,1
0.377043,0.26377234,1
0.5392332,0.23630352,1
0.51287633,0.2673545,1
0.39708146,0.24138935,1
0.6241498,0.2504177,1
0.51869184,0.2799781,1
0.46014103,0.28140888,1
0.57863843,0.2895796,1
0.50286806,0.28085542,1
0.40246782,0.26805755,1
0.58237535,0.28142306,1
0.5386736,0.27753884,1
0.5011612,0.28433138,1
0.5162911,0.26454127,1
0.5056693,0.27893463,1
0.5014554,0.28436676,1
0.45307893,0.26723498,1
0.5950549,0.2501994,1
0.5013073,0.28242287,1
0.56277144,0.2516494,1
0.59812194,0.26088777,1
0.6177268,0.24671617,1
0.51318604,0.26060042,1
0.62081885,0.26624748,1
0.6343536,0.26112774,1
0.51340306,0.26620442,1
0.60609275,0.2755548,1
0.53979224,0.23557854,1
0.4998471,0.28517118,1
0.6701342,0.12544844,1
0.47429773,0.26190263,1
0.5124842,0.26704392,1
0.6056222,0.27528667,1
0.62698525,0.24109001,1
0.43937215,0.25524765,1
0.5026727,0.28235808,1
0.511977,0.26829278,1
0.6220434,0.23999625,1
0.41807196,0.27757275,1
0.56684285,0.20737422,1
0.5127697,0.27624303,1
0.5136978,0.26595297,1
0.45251513,0.26352903,1
0.5001308,0.2846996,1
0.45304233,0.28104678,1
0.6206359,0.24293837,1
0.40591925,0.2649544,1
0.49938,0.27851862,1
0.50215536,0.28199008,1
0.49932796,0.2850943,1
0.560194,0.27060273,1
0.44214347,0.28247705,1
0.5120345,0.26791897,1
0.4257572,0.27801695,1
0.3968271,0.27523768,1
0.54057753,0.23477073,1
0.5407479,0.2356296,1
0.5166232,0.26360416,1
0.50122,0.28457296,1
0.5597226,0.2630281,1
0.58916545,0.25243795,1
0.5073134,0.26908657,1
0.5133607,0.26731482,1
0.5497858,0.22483324,1
0.5720386,0.26278856,1
0.5980765,0.28535795,1
0.45670056,0.2596204,1
0.49963012,0.28619248,1
0.5386816,0.2362721,1
0.5244744,0.2725556,1
0.5018497,0.28302625,1
0.5439309,0.2589293,1
0.51238424,0.26782936,1
0.50195855,0.2828444,1
0.53258437,0.2653919,1
0.60696554,0.2774812,1
0.39105922,0.24461704,1
0.60736,0.26889804,1
0.5007405,0.28507105,1
0.54845804,0.22528812,1
0.5699466,0.25198907,1
0.50015503,0.283007,1
0.5002561,0.28464895,1
0.508032,0.28101838,1
0.5308373,0.2442994,1
0.51328915,0.26746902,1
0.6625493,0.2509332,1
0.63797396,0.26462427,1
0.45724815,0.28347263,1
0.5388007,0.23822185,1
0.5051217,0.2782832,1
0.51315033,0.267154,1
0.5054748,0.27771676,1
0.5792164,0.24721521,1
0.51295966,0.26757982,1
0.51130956,0.22873831,1
0.5133008,0.2681222,1
0.51198447,0.26812053,1
0.5162506,0.2654655,1
0.5364411,0.23922035,1
0.5005755,0.28429127,1
0.49402055,0.2924556,1
0.5010089,0.28397462,1
0.5395422,0.23755604,1
0.5124594,0.26722252,1
0.51376504,0.2668264,1
0.5027428,0.28280288,1
0.4999547,0.28437418,1
0.51275,0.26651198,1
0.5048488,0.28029373,1
0.5303438,0.24241449,1
0.50371164,0.28069505,1
0.5138914,0.26602125,1
0.38686913,0.27415773,1
0.45465162,0.28130275,1
0.5028088,0.2820828,1
0.5123315,0.26770362,1
0.5009094,0.2843125,1
0.5040129,0.28082994,1
0.5516693,0.27786618,1
0.6262155,0.26065657,1
0.5024964,0.28469473,1
0.5155812,0.26396748,1
0.48129767,0.2820514,1
0.5126249,0.22276495,1
0.58380467,0.23221578,1
0.64199215,0.22942442,1
0.5376863,0.23696303,1
0.5433989,0.23248297,1
0.52389544,0.25325552,1
0.46930888,0.2464377,1
0.53916633,0.23691063,1
0.57848907,0.2869075,1
0.45281565,0.26925078,1
0.4425823,0.26383227,1
0.50110215,0.28437638,1
0.5018659,0.2824786,1
0.5125007,0.26713884,1
0.53455347,0.24756834,1
0.36462265,0.2414451,1
0.50087017,0.28317028,1
0.3822337,0.2456858,1
0.5133454,0.26693407,1
0.5342992,0.24111143,1
0.5389004,0.2379285,1
0.5005953,0.28354418,1
0.45537537,0.28011158,1
0.53704935,0.23767383,1
0.49310112,0.2895577,1
0.39221138,0.2435061,1
0.4592766,0.27983102,1
0.36117402,0.26952896,1
0.39278683,0.2704471,1
0.5382509,0.23883562,1
0.5386977,0.25056675,1
0.49998724,0.28523806,1
0.54024756,0.2359012,1
0.50436455,0.27886757,1
0.42530176,0.28065577,1
0.42357397,0.26608732,1
0.4220121,0.26927137,1
0.60003716,0.2441652,1
0.5046959,0.27912736,1
0.44551954,0.27909902,1
0.4708822,0.2820045,1
0.52547866,0.2503261,1
0.51243037,0.2679681,1
0.4928404,0.27473465,1
0.41040957,0.27466708,1
0.5020383,0.28252622,1
0.6168702,0.25069997,1
0.5419941,0.22474173,1
0.6157712,0.22120422,1
0.50191575,0.28403378,1
0.5366501,0.23960003,1
0.5125568,0.26808804,1
0.49170643,0.26005614,1
0.58676296,0.24967442,1
0.50219417,0.2816387,1
0.5688594,0.22529845,1
0.36128107,0.27219796,1
0.53017086,0.24542253,1
0.35661608,0.26269394,1
0.49327096,0.28817007,1
0.5148915,0.2641206,1
0.5022144,0.2830391,1
0.66676587,0.23794748,1
0.5159854,0.26431805,1
0.6071833,0.25642422,1
0.5402764,0.23558944,1
0.53684914,0.23799849,1
0.5123244,0.26778343,1
0.5161732,0.26391944,1
0.4324933,0.2654759,1
0.5414187,0.23482881,1
0.5284291,0.27628902,1
0.47042495,0.24037294,1
0.61524785,0.22960436,1
0.58939344,0.26959214,1
0.504631,0.27872285,1
0.5324059,0.2863744,1
0.5936125,0.26961163,1
0.5000876,0.27772346,1
0.540535,0.22143783,1
0.50234616,0.2825061,1
0.5018268,0.281468,1
0.45222062,0.28345674,1
0.43332633,0.26830018,1
0.51466596,0.26539725,1
0.53598,0.23985192,1
0.51474106,0.26482588,1
0.50292057,0.2780247,1
0.5376907,0.23834364,1
0.5289315,0.22769402,1
0.6715319,0.23402752,1
0.613331,0.27881616,1
0.51467234,0.26539877,1
0.5817527,0.2640685,1
0.5395932,0.225056,1
0.6342668,0.26653275,1
0.5109241,0.26964745,1
0.34547818,0.26400492,1
0.5010951,0.28377232,1
0.4995407,0.28385624,1
0.53074396,0.24507286,1
0.6194058,0.23392814,1
0.57523596,0.26748407,1
0.5521988,0.22260892,1
0.49980155,0.28227475,1
0.6021204,0.2664371,1
0.45458972,0.2664225,1
0.48738375,0.24627641,1
0.50367886,0.28102383,1
0.44999596,0.2792914,1
0.64974993,0.2322095,1
0.46320596,0.27414352,1
0.7145149,0.17846453,2
0.48397252,0.24750887,2
0.5990912,0.17781848,2
0.50576943,0.27552673,2
0.49954823,0.28318337,2
0.6208181,0.16022989,2
0.5057469,0.27740765,2
0.50000346,0.25649923,2
0.5116482,0.26916102,2
0.5661754,0.2753891,2
0.53225034,0.22585216,2
0.35506046,0.23146567,2
0.502156,0.27638024,2
0.43038014,0.2654082,2
0.5298462,0.16535655,2
0.6033337,0.1929437,2
0.5083596,0.27338195,2
0.47618294,0.2560604,2
0.3711634,0.260281,2
0.5155891,0.2669807,2
0.42129236,0.26021713,2
0.6653916,0.12956458,2
0.50521195,0.27608374,2
0.56534183,0.27705652,2
0.4988365,0.28385514,2
0.63745606,0.18198346,2
0.5084011,0.2738133,2
0.58298755,0.19713484,2
0.5016366,0.26539654,2
0.73469764,0.08383427,2
0.44967973,0.27902988,2
0.50142014,0.264728,2
0.49932083,0.28326124,2
0.5026343,0.27332038,2
0.38919452,0.2690458,2
0.56028974,0.21313019,2
0.57263917,0.25587717,2
0.44139108,0.2845688,2
0.66450065,0.20094606,2
0.45452464,0.26413822,2
0.49631664,0.27694765,2
0.68953043,0.13670848,2
0.5055269,0.27530554,2
0.5733711,0.19002168,2
0.40616342,0.26572517,2
0.4461964,0.2671554,2
0.63723266,0.2532839,2
0.42814496,0.25049677,2
0.51282185,0.2913833,2
0.5007789,0.26600105,2
0.6582888,0.12896043,2
0.44073346,0.23040184,2
0.6142621,0.2677529,2
0.6182323,0.25524887,2
0.5059646,0.2729533,2
0.49860334,0.26902047,2
0.45330685,0.26685733,2
0.559704,0.28393573,2
0.57590914,0.1942898,2
0.44258285,0.23285736,2
0.39710474,0.27247354,2
0.38482338,0.26192763,2
0.56656826,0.28736937,2
0.5685649,0.28414991,2
0.6073261,0.16648336,2
0.59508485,0.18673283,2
0.51588076,0.26661435,2
0.7213416,0.093836695,2
0.5998385,0.26212218,2
0.6084804,0.2592347,2
0.56402785,0.17740814,2
0.6134652,0.25879207,2
0.49952596,0.2854144,2
0.5142855,0.26763138,2
0.45593628,0.18858074,2
0.4909083,0.26807672,2
0.52555346,0.2790958,2
0.7428985,0.07942113,2
0.5201364,0.25718078,2
0.5340161,0.2330477,2
0.44783786,0.25001472,2
0.48100728,0.2837728,2
0.5287088,0.13235538,2
0.58757764,0.28540215,2
0.4772376,0.22231553,2
0.59425306,0.18233992,2
0.499326,0.2799048,2
0.58077985,0.19268574,2
0.566358,0.21163765,2
0.729908,0.1577254,2
0.4717646,0.27116406,2
0.5135758,0.25807747,2
0.3692318,0.2702996,2
0.62706375,0.15594384,2
0.6583226,0.12881799,2
0.45402607,0.27515212,2
0.6764114,0.19480588,2
0.57673985,0.19663453,2
0.43970513,0.27313173,2
0.5161089,0.26663187,2
0.5013254,0.2836458,2
0.5458214,0.22712573,2
0.5323667,0.27139133,2
0.43481034,0.2711731,2
0.49999318,0.27827302,2
0.51850146,0.27981344,2
0.40417612,0.27757797,2
0.499154,0.26569715,2
0.49902132,0.28012404,2
0.37204573,0.2157369,2
0.6550736,0.18196172,2
0.5113344,0.2687915,2
0.50693107,0.26113138,2
0.612336,0.24093238,2
0.5249524,0.23913796,2
0.61990315,0.26489058,2
0.5556008,0.20769587,2
0.5021788,0.27665988,2
0.58337384,0.25824383,2
0.5739263,0.20031336,2
0.5074275,0.2736056,2
0.5575013,0.25480866,2
0.6349913,0.1497407,2
0.43890116,0.26363236,2
0.5270704,0.24895008,2
0.6585198,0.13358425,2
0.49920982,0.28495517,2
0.56425697,0.20157842,2
0.6064123,0.16580838,2
0.42518222,0.27630007,2
0.5357541,0.22779667,2
0.50421745,0.26722154,2
0.5594877,0.26396385,2
0.5274034,0.24803966,2
0.5224593,0.25070247,2
0.5014206,0.27821976,2
0.593989,0.28100598,2
0.44709295,0.19802488,2
0.4865124,0.28039998,2
0.50146645,0.2818237,2
0.45503068,0.26339293,2
0.5313279,0.24773096,2
0.58876646,0.27253926,2
0.5082905,0.27343306,2
0.5951909,0.1810843,2
0.50011826,0.26241326,2
0.50465906,0.2786751,2
0.5281865,0.20747305,2
0.4995837,0.28009167,2
0.50719446,0.26376247,2
0.58066505,0.19254264,2
0.59049124,0.2453072,2
0.52811575,0.25146875,2
0.504248,0.27656573,2
0.6810025,0.12393711,2
0.565054,0.26465672,2
0.5593801,0.2136601,2
0.66787237,0.12757953,2
0.6871711,0.1983162,2
0.5903625,0.18615465,2
0.61115146,0.24517311,2
0.5477447,0.21776032,2
0.49949417,0.2842526,2
0.4874828,0.22806245,2
0.524975,0.24969603,2
0.8133868,0.08104921,2
0.7576546,0.11359165,2
0.5198589,0.26542345,2
0.53440326,0.22766283,2
0.5309852,0.23503974,2
0.5289213,0.24782391,2
0.5453639,0.2203967,2
0.5072803,0.25233763,2
0.5642584,0.20149004,2
0.5291618,0.24779569,2
0.5733128,0.19923612,2
0.5012948,0.26938832,2
0.362943,0.26619655,2
0.49938193,0.2673157,2
0.5961634,0.2226693,2
0.6349894,0.18607324,2
0.5057936,0.2635867,2
0.51058614,0.26950383,2
0.6493474,0.22780268,2
0.62139755,0.19433716,2
0.4134079,0.27525043,2
0.6270332,0.15602092,2
0.563975,0.20896418,2
0.52784735,0.27889147,2
0.6035881,0.2741988,2
0.5001991,0.26119277,2
0.500109,0.25628316,2
0.45203918,0.26170713,2
0.5066893,0.27445093,2
0.5274961,0.24858856,2
0.55090296,0.2246098,2
0.49956307,0.2821796,2
0.4858805,0.27129173,2
0.5907609,0.13233158,2
0.76395845,0.13009429,2
0.5007602,0.28007334,2
0.526007,0.2489052,2
0.50027823,0.2822887,2
0.5507063,0.21846837,2
0.5015826,0.26482323,2
0.3871209,0.2529075,2
0.6400466,0.25345483,2
0.82464015,0.072786376,2
0.50200814,0.27783874,2
0.50126284,0.2625359,2
0.65725887,0.24172282,2
0.5435417,0.22802688,2
0.36994892,0.2627974,2
0.5506694,0.2696344,2
0.5253635,0.25111496,2
0.5015919,0.28164145,2
0.61373717,0.19122466,2
0.639253,0.20647289,2
0.5038399,0.27686962,2
0.6385675,0.21629328,2
0.52726144,0.2557994,2
0.6582837,0.13236581,2
0.6260325,0.24730235,2
0.584814,0.27195567,2
0.50072336,0.28203866,2
0.49984682,0.28369504,2
0.52851886,0.24752851,2
0.50144166,0.2784509,2
0.5004256,0.24781531,2
0.49656883,0.19258434,2
0.5716529,0.20069687,2
0.59537154,0.113382354,2
0.60083103,0.26287487,2
0.58920556,0.1858647,2
0.6346421,0.22880626,2
0.50170565,0.27621412,2
0.5770675,0.1968374,2
0.49936354,0.28307453,2
0.43583688,0.19141948,2
0.531297,0.24206826,2
0.49912736,0.26779467,2
0.6317656,0.20507899,2
0.49913508,0.28276128,2
0.49927402,0.26492143,2
0.45276988,0.25323558,2
0.49137154,0.28552014,2
0.6084376,0.0834065,2
0.525895,0.24999945,2
0.45364642,0.22233179,2
0.5654628,0.28163868,2
0.6263141,0.23909914,2
0.4736683,0.2774029,2
0.509265,0.26628828,2
0.5651709,0.26732117,2
0.6552889,0.20283628,2
0.5923066,0.23064597,2
0.42028046,0.2587705,2
0.49392548,0.27373087,2
0.66734004,0.12637132,2
0.5347507,0.23158753,2
0.6317816,0.2402145,2
0.5022053,0.28174555,2
0.50046223,0.27999026,2
0.6399826,0.13750347,2
0.4876241,0.17662756,2
0.5626991,0.21131589,2
0.47202075,0.17571038,2
0.53262764,0.28173053,2
0.54230493,0.22919226,2
0.50434005,0.27390346,2
0.46816492,0.24155031,2
0.5138886,0.25415522,2
0.50162697,0.28255406,2
0.50012124,0.2781359,2
0.462625,0.20682131,2
0.8402999,0.077382304,2
0.36286572,0.24784154,2
0.5995747,0.14574717,2
0.45503926,0.18660496,2
0.62129277,0.24717532,2
0.5158201,0.2667879,2
0.5630738,0.22221878,2
0.50100565,0.2692763,2
0.47748706,0.19550465,2
0.5192583,0.2651548,2
0.5024399,0.2741216,2
0.7436066,0.13785116,2
0.5971022,0.16995601,2
0.5089506,0.26321378,2
0.40127996,0.23180023,2
0.5063624,0.26038286,2
0.37034094,0.2591287,2
0.5070516,0.27510738,2
0.50579244,0.2636073,2
0.45613495,0.27685547,2
0.5046112,0.27574858,2
0.65636665,0.16962437,2
0.45915753,0.24165088,2
0.5029751,0.27358004,2
0.49933374,0.28262806,2
0.5884226,0.18665926,2
0.6583266,0.13248542,2
0.5086284,0.25951374,2
0.3609102,0.2671095,2
0.32926586,0.26779705,2
0.51150376,0.26898065,2
0.65644777,0.16935645,2
0.66809064,0.17432924,2
0.72430706,0.14050044,2
0.56294376,0.26728117,2
0.6129794,0.24782735,2
0.5058494,0.27014464,2
0.5239482,0.25272566,2
0.63697577,0.244822,2
0.5321988,0.2408611,2
0.50874144,0.2598943,2
0.3877336,0.2733895,2
0.5476869,0.21846727,2
0.54753715,0.25761065,2
0.46341556,0.27533275,2
0.6473748,0.17574532,2
0.46129087,0.24103092,2
0.64170235,0.23378384,2
0.4960878,0.28009465,2
0.5101199,0.2617621,2
0.506099,0.27717,2
0.51179445,0.26105767,2
0.49913538,0.28005055,2
0.50428593,0.26738715,2
0.55105156,0.20911705,2
0.57527834,0.2506273,2
0.49951372,0.28258955,2
0.5539142,0.22151496,2
0.50651914,0.2779128,2
0.5616109,0.13657837,2
0.49969852,0.28146142,2
0.50144804,0.26493067,2
0.5309839,0.24238822,2
0.5000944,0.28191385,2
0.64999855,0.13934323,2
0.5920407,0.25596738,2
0.50054246,0.27821618,2
0.49980855,0.2836221,2
0.5908234,0.18491851,2
0.49957845,0.26783383,2
0.52958983,0.23847032,2
0.56385165,0.20487861,2
0.6155986,0.16474916,2
0.575656,0.28051707,2
0.4994221,0.28274113,2
0.51052904,0.27258462,2
0.5024617,0.28122044,2
0.5837287,0.16964279,2
0.58906597,0.19025159,2
0.54242986,0.22918008,2
0.54246145,0.22918002,2
0.65628034,0.23375694,2
0.41060805,0.20863986,2
0.5025884,0.2812716,2
0.5939074,0.18219517,2
0.66107005,0.13198416,2
0.5988107,0.17304362,2
0.6022068,0.2779585,2
0.75759566,0.09488738,2
0.46306872,0.28651783,2
0.5153991,0.26678634,2
0.55573195,0.21707244,2
0.49983346,0.26460508,2
0.6362779,0.07587725,2
0.5030723,0.27324018,2
0.5007543,0.28014642,2
0.5639301,0.206979,2
0.585809,0.25041863,2
0.5377957,0.27035528,2
0.5053599,0.27863884,2
0.6009302,0.27819598,2
0.50468045,0.27371675,2
0.504462,0.27631444,2
0.50786984,0.26049426,2
0.533666,0.24051091,2
0.5492406,0.20556529,2
0.51693135,0.2743864,2
0.515665,0.13224636,2
0.5070461,0.27630618,2
0.50157607,0.2833374,2
0.5157407,0.26672253,2
0.5155671,0.26131898,2
0.552055,0.22049843,2
0.66692936,0.14590737,2
0.4995711,0.2815243,2
0.65426487,0.13657182,2
0.5123873,0.1840414,2
0.5240595,0.25276315,2
0.6743357,0.11514137,2
0.5434498,0.22784115,2
0.5550337,0.23712648,2
0.5002166,0.28016213,2
0.61710274,0.16272973,2
0.50422525,0.27415326,2
0.56324047,0.24780451,2
0.5127329,0.27882048,2
0.51180995,0.26041603,2
0.7213814,0.093781,2
0.3958477,0.27562106,2
0.6654813,0.12901388,2
0.49525023,0.26996157,2
0.49960095,0.2813997,2
0.5111982,0.27484083,2
0.53132015,0.2477189,2
0.40156808,0.2635748,2
0.4994106,0.28233695,2
0.49999347,0.27744928,2
0.4771348,0.25884598,2
0.43175393,0.27893525,2
0.5148293,0.264857,2
0.40401778,0.23829728,2
0.5077088,0.26005393,2
0.5077705,0.27200446,2
0.54229003,0.2290854,2
0.5099514,0.2507082,2
0.5616009,0.21052304,2
0.587482,0.18799046,2
0.50587714,0.27666023,2
0.54098606,0.23256524,2
0.50549054,0.27088848,2
0.51959,0.26389664,2
0.5199997,0.25791657,2
0.5348746,0.27643153,2
0.593032,0.18531054,2
0.54856485,0.11771791,2
0.509317,0.2702418,2
0.5056843,0.27498296,2
0.45065495,0.28915566,2
0.4988013,0.28339756,2
0.6412885,0.14559351,2
0.49959505,0.28113866,2
0.6437144,0.20387645,2
0.5560429,0.2689766,2
0.5821881,0.18974577,2
0.5704657,0.20199728,2
0.6475642,0.14101397,2
0.50434476,0.2676938,2
0.50100464,0.27922773,2
0.5108026,0.27029473,2
0.57061875,0.2675006,2
0.5292863,0.2510873,2
0.51519364,0.2642786,2
0.5027731,0.27827513,2
0.39087477,0.2634273,2
0.5028437,0.27270174,2
0.50704324,0.26368657,2
0.5252445,0.27681944,2
0.49934298,0.26691362,2
0.5292123,0.24891135,2
0.45969933,0.21401687,2
0.5019514,0.28055155,2
0.5014863,0.28179362,2
0.50135493,0.2650298,2
0.6716715,0.21155179,2
0.52292955,0.25309193,2
0.43625632,0.2412898,2
0.5036726,0.24684925,2
0.47614807,0.22337179,2
0.5002512,0.2644895,2
0.5186083,0.2591004,2
0.70227474,0.14040992,2
0.5309563,0.27996808,2
0.4249983,0.27316394,2
0.6813449,0.110805474,2
0.36263925,0.2620177,2
0.44471452,0.2636738,2
0.60443527,0.16698894,2
0.52232504,0.24850996,2
0.4994465,0.28308085,2
0.3827006,0.2539479,2
0.5714518,0.28627256,2
0.5177351,0.262769,2
0.6562872,0.13507088,2
0.56120926,0.2651603,2
0.57424283,0.19666858,2
0.5072804,0.27943113,2
0.5969784,0.17537019,2
0.5376842,0.2744945,2
0.5353039,0.24644762,2
0.7182218,0.16349225,2
0.50158817,0.26509905,2
0.6268456,0.08738909,2
0.5250126,0.23910439,2
0.51081645,0.27011266,2
0.42569935,0.2568692,2
0.42210633,0.2770076,2
0.5056246,0.27516636,2
0.6031178,0.1759939,2
0.5566637,0.21682909,2
0.5824204,0.18346716,2
0.7026919,0.18208827,2
0.533683,0.23311764,2
0.49581072,0.24265309,2
0.4259903,0.28543392,2
0.5903836,0.18848884,2
0.49796575,0.2681803,2
0.5822041,0.19666034,2
0.61403,0.2490053,2
0.5314234,0.20452233,2
0.37409207,0.2510167,2
0.5039919,0.2797728,2
0.7134791,0.098334625,2
0.4073442,0.23609793,2
0.50565547,0.2744305,2
0.5408237,0.2308492,2
0.5015491,0.26687634,2
0.5009239,0.26575983,2
0.49973848,0.2665446,2
0.39825892,0.27520916,2
0.5118956,0.1884383,2
0.51349115,0.2907408,2
0.5510326,0.20875856,2
0.4430152,0.2605419,2
0.3574104,0.27133915,2
0.41317764,0.25336346,2
0.5380416,0.2379931,2
0.58613276,0.24948221,2
0.50035053,0.27919912,2
0.6356826,0.23901007,2
0.69896525,0.16235055,2
0.5108647,0.2648879,2
0.49801573,0.2682582,2
0.5055915,0.27496687,2
0.7361242,0.07849229,2
0.413156,0.22488566,2
0.50516933,0.27529052,2
0.5922996,0.18446307,2
0.53640103,0.22986527,2
0.49908388,0.28337893,2
0.5498605,0.2654938,2
0.50499845,0.27497816,2
0.61724323,0.16356336,2
0.6486644,0.24506304,2
0.49839798,0.2172332,2
0.49938312,0.2815129,2
0.36859053,0.26850507,2
0.49966142,0.27986708,2
0.6540782,0.15758716,2
0.5421014,0.23161615,2
0.37266073,0.23626463,2
0.6373423,0.14870402,2
0.50693005,0.27331468,2
0.60433763,0.17328839,2
0.5153469,0.26145846,2
0.4195038,0.26256987,2
0.49894476,0.2839372,2
0.49925724,0.28262466,2
0.5148995,0.27707177,2
0.7374426,0.08491617,2
0.5107952,0.28032115,2
0.5102749,0.26837358,2
0.5066956,0.26416293,2
0.5145887,0.26338884,2
0.5959342,0.26401803,2
0.50934196,0.27976444,2
0.5144331,0.26196873,2
0.6564712,0.1696902,2
0.48971012,0.28149343,2
0.50041175,0.25799164,2
0.6505679,0.19925584,2
0.50787723,0.27390653,2
0.49980327,0.2739705,2
0.5087024,0.25940883,2
0.689309,0.18474501,2
0.46742222,0.27164575,2
0.54229134,0.229006,2
0.50253123,0.2648372,2
0.498968,0.261672,2
0.5375911,0.23830786,2
0.38081807,0.2572848,2
0.60490245,0.21563607,2
0.5447407,0.25706118,2
0.61784023,0.12700823,2
0.41424027,0.27938926,2
0.40540874,0.24941194,2
0.5074475,0.26837727,2
0.57832605,0.27109233,2
0.4995416,0.27885938,2
0.58907896,0.18729384,2
0.4993061,0.28188768,2
0.5041957,0.27591297,2
0.7240862,0.0800505,2
0.59568006,0.28397402,2
0.50737655,0.27409914,2
0.49954683,0.28314418,2
0.40394855,0.27893865,2
0.51145434,0.25853541,2
0.5890122,0.12802343,2
0.5927347,0.18087772,2
0.5688397,0.23861426,2
0.6098922,0.21906038,2
0.5036826,0.2765772,2
0.49311116,0.27970237,2
0.55759317,0.27653703,2
0.72932434,0.08660084,2
0.739876,0.14217822,2
0.5060616,0.27813494,2
0.50861007,0.27311775,2
0.53190905,0.26573166,2
0.5705351,0.15552299,2
0.49917835,0.28291497,2
0.5047424,0.27701154,2
0.6649755,0.12787999,2
0.573765,0.19925392,2
0.56200504,0.25046802,2
0.4986874,0.28360727,2
0.52730113,0.26410657,2
0.46436438,0.27308455,2
0.50830466,0.27344546,2
0.5988641,0.28065303,2
0.585223,0.18909846,2
0.5279494,0.24824531,2
0.4925589,0.2682181,2
0.530083,0.2467349,2
0.51425165,0.26387063,2
0.49944916,0.28441763,2
0.6155726,0.22144239,2
0.66783404,0.12743925,2
0.6197625,0.2633234,2
0.5010542,0.2685126,2
0.5184659,0.28208432,2
0.5037212,0.27430886,2
0.49959156,0.27906737,2
0.49950495,0.28239682,2
0.51475453,0.26185563,2
0.5261259,0.24847995,2
0.5250106,0.24027884,2
0.49919534,0.28495532,2
0.5014629,0.28328884,2
0.5377965,0.2746152,2
0.4993008,0.28284305,2
0.50294596,0.27327165,2
0.5921588,0.18371136,2
0.74736947,0.15491214,2
0.50980556,0.27138585,2
0.50662506,0.2690879,2
0.5336762,0.23843633,2
0.5048573,0.27350622,2
0.5763063,0.18802954,2
0.49983156,0.28259236,2
0.62497205,0.15680747,2
0.53546745,0.21776131,2
0.5029663,0.27822316,2
0.48040888,0.22536032,2
0.50519466,0.27522194,2
0.50218284,0.27775714,2
0.50492173,0.2752513,2
0.5146109,0.26192126,2
0.50585836,0.2750923,2
0.5446366,0.22831406,2
0.5133062,0.26931825,2
0.41996437,0.18743257,2
0.5375674,0.23632787,2
0.39386395,0.20040725,2
0.62649536,0.17694038,2
0.5888284,0.1864876,2
0.6934476,0.16649728,2
0.54868436,0.27269986,2
0.50031537,0.26233652,2
0.53383565,0.23132072,2
0.37516606,0.26544848,2
0.37010235,0.23776028,2
0.6007474,0.1763012,2
0.50674075,0.27263921,2
0.5504567,0.2356914,2
0.5226555,0.2530142,2
0.51022905,0.26314935,2
0.5799035,0.19355164,2
0.5924706,0.17832756,2
0.59180045,0.16514634,2
0.5875512,0.288484,2
0.49893942,0.28264531,2
0.4968335,0.279106,2
0.6877174,0.17127955,2
0.5226214,0.25414148,2
0.34872758,0.27114093,2
0.5340755,0.22920361,2
0.6350773,0.25566405,2
0.57423407,0.19549398,2
0.618987,0.2515082,2
0.51424634,0.26385185,2
0.58914346,0.25806037,2
0.46078578,0.25938934,2
0.5743601,0.10291875,2
0.50697577,0.25203663,2
0.51434547,0.26407072,2
0.53195214,0.17821102,2
0.5014222,0.27090302,2
0.5028832,0.27362427,2
0.5024913,0.27405292,2
0.5356325,0.23672739,2
0.4970619,0.2817709,2
0.5025696,0.27697355,2
0.62154484,0.24608861,2
0.5015381,0.278325,2
0.5294621,0.24942425,2
0.5063014,0.24709854,2
0.50481457,0.27878782,2
0.45928675,0.2810491,2
0.50155425,0.2519502,2
0.49901426,0.28351432,2
0.6268188,0.1557917,2
0.66725975,0.20994043,2
0.5025786,0.27832097,2
0.5468994,0.22594562,2
0.53375596,0.11597278,2
0.5141439,0.26405862,2
0.50542945,0.27498958,2
0.43909,0.24638234,2
0.50008214,0.26748708,2
0.5001598,0.28052944,2
0.5472864,0.2249359,2
0.42467305,0.28519037,2
0.4988337,0.28353038,2
0.69903123,0.09531417,2
0.4996114,0.28271163,2
0.478289,0.26196238,2
0.6828855,0.19199754,2
0.5350976,0.23757386,2
0.51556313,0.18107045,2
0.63007486,0.26702788,2
0.50499374,0.2836176,2
0.40744078,0.25868598,2
0.5707665,0.24212682,2
0.5500709,0.2159709,2
0.61909634,0.23488088,2
0.4991685,0.28304046,2
0.48359084,0.26943752,2
0.54335064,0.2113078,2
0.5560357,0.24850337,2
0.55954456,0.21303259,2
0.4997992,0.28344217,2
0.60848755,0.25164166,2
0.5112553,0.2617603,2
0.5364096,0.22987844,2
0.5885607,0.18651527,2
0.5200028,0.24927852,2
0.34492186,0.2697798,2
0.49978825,0.27966917,2
0.50009876,0.2754447,2
0.49988195,0.27920043,2
0.61936456,0.16161682,2
0.4619087,0.22230291,2
0.5850039,0.17381185,2
0.3596605,0.26063406,2
0.6884066,0.22819681,2
0.66087323,0.18792978,2
0.43301833,0.20725675,2
0.6319762,0.2651628,2
0.50099516,0.28322336,2
0.5159805,0.2607808,2
0.38670412,0.27437258,2
0.515712,0.26683939,2
0.43188664,0.28242385,2
0.49876913,0.28351068,2
0.46346495,0.26947418,2
0.39149275,0.26898718,2
0.5383664,0.2797444,2
0.51524264,0.26428616,2
0.4990456,0.28003412,2
0.50878084,0.2597862,2
0.45451888,0.28576118,2
0.6005846,0.1763959,2
0.6813017,0.11084585,2
0.48949435,0.27992782,2
0.51265746,0.26759136,2
0.43908918,0.2660632,2
0.4990386,0.28374922,2
0.52731174,0.248129,2
0.42122972,0.26752552,2
0.6819753,0.1937773,2
0.5904944,0.1850686,2
0.5170885,0.2458381,2
0.71865827,0.095211744,2
0.38521013,0.26412794,2
0.5058971,0.27521306,2
0.50235486,0.25914454,2
0.5038028,0.27664217,2
0.6103558,0.26779562,2
0.5735093,0.19936158,2
0.38977903,0.27030176,2
0.51084405,0.25056568,2
0.7400709,0.08055055,2
0.5806305,0.28161797,2
0.5000418,0.2777682,2
0.38642767,0.2653024,2
0.61475056,0.27726483,2
0.53842515,0.27471542,2
0.67929566,0.21915965,2
0.7267672,0.09090436,2
0.5497839,0.20955214,2
0.4740036,0.21101865,2
0.5007414,0.26645264,2
0.5001246,0.2794384,2
0.5733043,0.19937107,2
0.556949,0.21553496,2
0.38627627,0.27258426,2
0.51355565,0.2689739,2
0.64849544,0.19433936,2
0.5265369,0.24909207,2
0.42316428,0.2825836,2
0.5159058,0.22291638,2
0.39140812,0.266957,2
0.6288653,0.14668787,2
0.46069807,0.28010023,2
0.6861644,0.10826191,2
0.43886176,0.26690498,2
0.49901694,0.26251963,2
0.3824039,0.26123366,2
0.5465258,0.22666077,2
0.5490618,0.2791054,2
0.4227321,0.27861756,2
0.6656774,0.18650414,2
0.4993504,0.2845523,2
0.5370457,0.22678581,2
0.5568773,0.21576335,2
0.51558936,0.26132017,2
0.5050565,0.2755549,2
0.598301,0.2772134,2
0.57276464,0.2698853,2
0.5264057,0.24912067,2
0.517754,0.26267096,2
0.61331046,0.16072775,2
0.49887553,0.28338853,2
0.5137621,0.18018982,2
0.38662592,0.2726237,2
0.46981364,0.21391556,2
0.49936053,0.2461701,2
0.675911,0.22195657,2
0.502894,0.27213654,2
0.50843436,0.27329582,2
0.5551564,0.28184655,2
0.4459861,0.2617407,2
0.60687184,0.26622188,2
0.43743473,0.26010203,2
0.59879726,0.24445114,2
0.66552997,0.1291455,2
0.6062802,0.17295218,2
0.5002498,0.27777842,2
0.50125915,0.2667611,2
0.4533817,0.2631478,2
0.50372857,0.27723944,2
0.5574291,0.21360305,2
0.57688016,0.26084295,2
0.6233758,0.1582863,2
0.5000298,0.2789127,2
0.52387995,0.240634,2
0.54488724,0.22857428,2
0.52568257,0.24881645,2
0.50075245,0.28285354,2
0.49869066,0.2807826,2
0.5012882,0.28188092,2
0.5881074,0.14582594,2
0.5569905,0.2693271,2
0.50234777,0.26549363,2
0.50203836,0.28174993,2
0.5325734,0.24760303,2
0.5487267,0.25947165,2
0.5007509,0.2801339,2
0.510774,0.27012938,2
0.72403926,0.092316434,2
0.5251543,0.24977133,2
0.61135423,0.25969884,2
0.5294133,0.24733445,2
0.65426844,0.13650757,2
0.5719075,0.22998439,2
0.59391856,0.18219553,2
0.5141398,0.26396903,2
0.4993169,0.28195933,2
0.57791877,0.24486864,2
0.56931496,0.2908633,2
0.4296602,0.26220468,2
0.6128371,0.2554389,2
0.5141729,0.26567626,2
0.36034,0.26913825,2
0.5714759,0.20095015,2
0.49326068,0.28416002,2
0.6287942,0.15402682,2
0.50015444,0.26501116,2
0.57360554,0.15086728,2
0.5073308,0.25984743,2
0.59096,0.26543775,2
0.58667177,0.18822844,2
0.71613693,0.09682637,2
0.49636665,0.27956593,2
0.34521875,0.26558748,2
0.50563383,0.2646142,2
0.6273704,0.23647158,2
0.3434094,0.26527712,2
0.5784743,0.19617216,2
0.5261436,0.23813841,2
0.5569823,0.21558882,2
0.49899802,0.28246668,2
0.38982087,0.27849707,2
0.4994509,0.27930993,2
0.667322,0.12642613,2
0.5365409,0.23374456,2
0.3991038,0.26826024,2
0.59197015,0.17950985,2
0.40582848,0.266427,2
0.44863132,0.2794454,2
0.5047075,0.25123018,2
0.54753256,0.26763976,2
0.48270848,0.27731958,2
0.45139965,0.28124157,2
0.49630666,0.17991711,2
0.5014577,0.26554888,2
0.5104631,0.18350117,2
0.6412816,0.1781634,2
0.49960962,0.2800422,2
0.4150207,0.27564475,3
0.6437446,0.2544805,3
0.5013592,0.2840997,3
0.6267816,0.26434988,3
0.5010991,0.284104,3
0.5013434,0.28300336,3
0.5384498,0.23726606,3
0.5841064,0.27877584,3
0.50167936,0.2838816,3
0.5375353,0.23801778,3
0.5360562,0.23933011,3
0.5040659,0.27953583,3
0.38140586,0.26952502,3
0.3895855,0.27131826,3
0.5006263,0.28513485,3
0.5009163,0.28390008,3
0.45881072,0.23243259,3
0.6261378,0.2641465,3
0.5066624,0.27666098,3
0.53528106,0.23945357,3
0.50710046,0.27845815,3
0.5000366,0.28527316,3
0.55228,0.29140165,3
0.44299465,0.2831855,3
0.51002324,0.27237487,3
0.534241,0.28049868,3
0.5214293,0.28354147,3
0.33643427,0.23890492,3
0.5088812,0.274368,3
0.5922944,0.27864644,3
0.5226351,0.2393079,3
0.5010829,0.28441888,3
0.5040749,0.2778422,3
0.52039516,0.28178364,3
0.5503998,0.28121614,3
0.5042887,0.2793038,3
0.64803773,0.21774432,3
0.50860095,0.2735945,3
0.50495887,0.27706507,3
0.50826204,0.27501482,3
0.50098133,0.28234532,3
0.5757766,0.27044994,3
0.50401753,0.27965477,3
0.50522864,0.2780718,3
0.5016204,0.28557888,3
0.48824197,0.28019053,3
0.5061052,0.27820697,3
0.5079915,0.2744104,3
0.5376345,0.23816803,3
0.611779,0.2657218,3
0.50823164,0.27580255,3
0.50385886,0.28192168,3
0.5045657,0.27799994,3
0.4559793,0.28460923,3
0.5011612,0.28291488,3
0.52277124,0.28680092,3
0.39045057,0.2698457,3
0.5360023,0.239177,3
0.5044385,0.2800691,3
0.5259701,0.24299978,3
0.59987676,0.27238402,3
0.50794846,0.28512877,3
0.66556746,0.21104363,3
0.5212634,0.2839417,3
0.49952427,0.28297877,3
0.5053773,0.2777703,3
0.4309076,0.28016925,3
0.5658992,0.25218013,3
0.5208993,0.25355944,3
0.4570066,0.2757123,3
0.5066282,0.2756997,3
0.50161433,0.28302783,3
0.5057647,0.27641806,3
0.50234455,0.28161898,3
0.5018709,0.28284004,3
0.5417753,0.28934324,3
0.50243115,0.28339893,3
0.5056635,0.27687785,3
0.5055011,0.2772392,3
0.50132525,0.28401932,3
0.5351113,0.24021628,3
0.50300145,0.28280237,3
0.50866336,0.2730533,3
0.502886,0.28430724,3
0.6473085,0.23522656,3
0.53490114,0.27041036,3
0.50012964,0.28416005,3
0.5405613,0.23470053,3
0.53757536,0.238585,3
0.5060079,0.27654043,3
0.50117946,0.2823049,3
0.397177,0.27698162,3
0.50509256,0.2799418,3
0.500469,0.28486112,3
0.45203912,0.24368432,3
0.4940216,0.27816322,3
0.53642887,0.2388648,3
0.4542103,0.24960172,3
0.66503394,0.24608253,3
0.59034115,0.2775684,3
0.50084317,0.283531,3
0.5042519,0.27904835,3
0.5966307,0.2674428,3
0.50675744,0.27725884,3
0.5942306,0.2656588,3
0.435493,0.27522904,3
0.5381725,0.23703216,3
0.50361806,0.27934942,3
0.5033462,0.27651224,3
0.5021757,0.2836486,3
0.39760602,0.27368227,3
0.5023535,0.282336,3
0.505187,0.27800292,3
0.4019711,0.24314943,3
0.4982511,0.27855366,3
0.5005885,0.28350347,3
0.5366055,0.239375,3
0.63335514,0.26370052,3
0.5022708,0.28047213,3
0.36642528,0.26652357,3
0.50307995,0.27991956,3
0.5033318,0.2796883,3
0.5745165,0.2728511,3
0.40995023,0.2695997,3
0.5363899,0.28038672,3
0.5762903,0.27587274,3
0.5053282,0.27927613,3
0.5073795,0.27592432,3
0.50137395,0.28277376,3
0.5017106,0.2838912,3
0.61379325,0.22911206,3
0.5012613,0.28405172,3
0.5059832,0.27675462,3
0.50151974,0.28426912,3
0.5079251,0.27568084,3
0.50201875,0.2831192,3
0.35546422,0.26375416,3
0.50030667,0.28357467,3
0.5026835,0.280674,3
0.5038518,0.2791733,3
0.50018877,0.2857331,3
0.46459112,0.28095496,3
0.5342535,0.24089985,3
0.5014122,0.28209087,3
0.50318205,0.2803177,3
0.38908064,0.27191758,3
0.5384153,0.27898285,3
0.50535244,0.2774809,3
0.5801334,0.290447,3
0.39890644,0.2762207,3
0.5049559,0.27728066,3
0.5010243,0.28418446,3
0.50080657,0.28457627,3
0.53822416,0.23872133,3
0.53814614,0.23718086,3
0.50972116,0.27387872,3
0.54036695,0.2347764,3
0.50414544,0.279041,3
0.4066493,0.27455473,3
0.46208957,0.2763597,3
0.5672293,0.27535108,3
0.50162995,0.28241387,3
0.6056626,0.27145532,3
0.507046,0.27615672,3
0.53574765,0.23995478,3
0.45865262,0.27846774,3
0.50367236,0.27906638,3
0.5037632,0.2789694,3
0.50113595,0.28216392,3
0.5009704,0.2847077,3
0.51066136,0.27515396,3
0.5392138,0.2800935,3
0.3785136,0.27278337,3
0.6541937,0.25408584,3
0.5012851,0.28540313,3
0.50039375,0.28446066,3
0.503752,0.27935904,3
0.5059677,0.27875796,3
0.458105,0.2845886,3
0.5365687,0.23897204,3
0.500128,0.28422055,3
0.46339354,0.28225827,3
0.5003805,0.2850933,3
0.38908884,0.27323097,3
0.506709,0.27502134,3
0.50053877,0.28074726,3
0.49674827,0.27979586,3
0.5013203,0.28419036,3
0.5232283,0.29048845,3
0.643327,0.24800026,3
0.54802215,0.22694571,3
0.5344638,0.24093868,3
0.47740334,0.27305177,3
0.50110024,0.28423405,3
0.5038247,0.2762889,3
0.5036679,0.28071013,3
0.50079924,0.2848649,3
0.39970016,0.27277133,3
0.3864798,0.24296594,3
0.3867144,0.27418888,3
0.50817347,0.27708063,3
0.5620854,0.28449544,3
0.5339244,0.24183556,3
0.5611468,0.29098418,3
0.5281437,0.28671172,3
0.44728214,0.27527267,3
0.5364926,0.23859152,3
0.47945395,0.2780877,3
0.43393216,0.27923557,3
0.6205868,0.26359764,3
0.468347,0.2812421,3
0.6097386,0.27871877,3
0.34549662,0.26258597,3
0.36241075,0.26592818,3
0.50571096,0.27652204,3
0.5015645,0.28344625,3
0.39628094,0.27493444,3
0.62169206,0.2671595,3
0.56464696,0.276254,3
0.45582914,0.28272954,3
0.5016165,0.28162473,3
0.5042052,0.27892506,3
0.50148976,0.28305057,3
0.50257933,0.28292555,3
0.4957719,0.28320926,3
0.46535662,0.27372265,3
0.45039532,0.28122306,3
0.5020732,0.2841258,3
0.50071186,0.28474155,3
0.4945821,0.2597389,3
0.45681354,0.27861336,3
0.4750458,0.2877139,3
0.5015674,0.28258118,3
0.52386576,0.2542676,3
0.53778374,0.23769215,3
0.5166043,0.27770817,3
0.3975104,0.27501845,3
0.5532649,0.2648118,3
0.5004392,0.28432292,3
0.5011656,0.28488344,3
0.5061981,0.27690274,3
0.5006864,0.2841948,3
0.50456524,0.27776015,3
0.50427425,0.279169,3
0.501246,0.28537774,3
0.5039833,0.27923995,3
0.50162464,0.28289947,3
0.39851052,0.27958328,3
0.61385113,0.2611825,3
0.50136316,0.28297836,3
0.5041765,0.2785741,3
0.44608378,0.27701774,3
0.6167935,0.26762396,3
0.48482302,0.29195112,3
0.5040387,0.27923143,3
0.5051842,0.2782624,3
0.5074152,0.27504078,3
0.504334,0.2780542,3
0.62333876,0.26635042,3
0.4072562,0.27487198,3
0.5069557,0.27815238,3
0.43280843,0.27762604,3
0.50171703,0.284371,3
0.68139887,0.21063466,3
0.55953926,0.27992284,3
0.5389981,0.23723367,3
0.505457,0.27683258,3
0.5013825,0.2831575,3
0.50137913,0.28259218,3
0.48533607,0.29498094,3
0.46476844,0.2898704,3
0.42266735,0.27896878,3
0.36590242,0.22941807,3
0.5020149,0.2831663,3
0.50691295,0.27803233,3
0.5014862,0.28277355,3
0.62373966,0.2648035,3
0.53710157,0.23867396,3
0.50248235,0.2806043,3
0.51653403,0.2356438,3
0.5066953,0.27804047,3
0.518364,0.22908778,3
0.5007306,0.28438595,3
0.50072217,0.28401694,3
0.5295285,0.22630702,3
0.50780517,0.27759436,3
0.53644776,0.24012856,3
0.36623704,0.26361573,3
0.5326233,0.2427671,3
0.50093216,0.28420886,3
0.37090504,0.27120334,3
0.5088663,0.279518,3
0.50321984,0.2799662,3
0.45367303,0.27718857,3
0.5040249,0.27935976,3
0.5007916,0.2840556,3
0.50590676,0.2773301,3
0.5023853,0.28080183,3
0.41555166,0.27826265,3
0.50598437,0.27671736,3
0.5714097,0.25842443,3
0.50189215,0.28529248,3
0.5017977,0.2818873,3
0.5007728,0.28407875,3
0.5083725,0.27594945,3
0.6021259,0.2641164,3
0.5270659,0.23336998,3
0.50213116,0.28154823,3
0.61733377,0.27137944,3
0.5018199,0.28282848,3
0.5003701,0.2848091,3
0.5042031,0.27969128,3
0.4422804,0.27993736,3
0.50138134,0.28390855,3
0.5010649,0.28344,3
0.5037207,0.28030455,3
0.36400512,0.26550174,3
0.50043404,0.2836383,3
0.46451548,0.2780141,3
0.5032882,0.28055546,3
0.5014214,0.28174174,3
0.50772065,0.27523756,3
0.5057868,0.27696162,3
0.49245965,0.28746176,3
0.5686993,0.28361106,3
0.5389446,0.23837826,3
0.50058305,0.28409544,3
0.50821656,0.27562094,3
0.49986103,0.28029677,3
0.5009611,0.28183734,3
0.41938108,0.27091724,3
0.53735566,0.23781228,3
0.59608126,0.26172626,3
0.50352114,0.27949467,3
0.50152683,0.28361282,3
0.5577655,0.24744657,3
0.5359427,0.23956977,3
0.50435275,0.27818355,3
0.5005762,0.2839166,3
0.5376664,0.23785713,3
0.5060947,0.27662066,3
0.46158114,0.27730578,3
0.50119865,0.28336772,3
0.50074154,0.283226,3
0.50151306,0.28372064,3
0.50383687,0.2795455,3
0.34793472,0.2606738,3
0.58674556,0.27269933,3
0.50386053,0.27950358,3
0.53658813,0.23904635,3
0.5024702,0.28147337,3
0.5010795,0.2831982,3
0.5089551,0.2734084,3
0.5075022,0.2771473,3
0.5236475,0.29071632,3
0.5034381,0.27985063,3
0.55032927,0.28304037,3
0.57763857,0.27624875,3
0.5041138,0.2786863,3
0.43392158,0.27534142,3
0.50661874,0.27649644,3
0.5017926,0.28352892,3
0.49943858,0.2814833,3
0.50925946,0.2855865,3
0.50066495,0.28443915,3
0.4054047,0.27431557,3
0.37116215,0.2713101,3
0.5352771,0.24022046,3
0.50544095,0.2775914,3
0.5062435,0.27715465,3
0.47530755,0.2733733,3
0.50311923,0.2804774,3
0.5405857,0.23580168,3
0.41689464,0.273127,3
0.5887261,0.27382365,3
0.5055152,0.2781341,3
0.5055086,0.27951738,3
0.5014152,0.28349942,3
0.5700068,0.27312964,3
0.5013554,0.28451598,3
0.5015013,0.28481573,3
0.50178635,0.2817494,3
0.50148153,0.28207687,3
0.39754075,0.27594122,3
0.41773784,0.27166927,3
0.433342,0.2769124,3
0.5034043,0.2802913,3
0.5936196,0.2678124,3
0.5003091,0.2835362,3
0.5024079,0.28104955,3
0.43693885,0.2734547,3
0.502712,0.28257102,3
0.49324828,0.27396747,3
0.50592756,0.2768291,3
0.5017732,0.28275383,3
0.51716137,0.275034,3
0.49177784,0.27915975,3
0.5499459,0.22594985,3
0.506038,0.2775433,3
0.50094,0.2823563,3
0.5009924,0.28454298,3
0.6569447,0.22833857,3
0.45619363,0.27223855,3
0.4361384,0.28032452,3
0.4149745,0.27964497,3
0.5011386,0.28569883,3
0.49941468,0.23280582,3
0.5348837,0.24036935,3
0.5033997,0.27933177,3
0.43498752,0.2771861,3
0.5042312,0.28007558,3
0.43649548,0.24035874,3
0.45648363,0.23584788,3
0.5402993,0.23548594,3
0.50056297,0.28521383,3
0.5037748,0.27979404,3
0.63749397,0.2574564,3
0.46165267,0.27801135,3
0.5604504,0.27433968,3
0.6378436,0.25517464,3
0.5016889,0.2830465,3
0.43965364,0.27798757,3
0.5007109,0.28424174,3
0.50620794,0.2786599,3
0.5256727,0.23725842,3
0.5042234,0.27854615,3
0.5008266,0.2798233,3
0.5852813,0.27131364,3
0.4998734,0.2852436,3
0.50494874,0.27847967,3
0.50509626,0.27845523,3
0.4705938,0.28127155,3
0.37119603,0.27153462,3
0.52926844,0.27539295,3
0.5026742,0.28198,3
0.49855983,0.2828867,3
0.38274375,0.27284956,3
0.5059987,0.27729106,3
0.5318544,0.24574305,3
0.5053702,0.278425,3
0.5760967,0.2733921,3
0.56179315,0.28943992,3
0.5583681,0.27468988,3
0.5046005,0.28029206,3
0.5016759,0.284107,3
0.50199854,0.2827948,3
0.5364497,0.23873107,3
0.5058108,0.24367094,3
0.5503627,0.27642733,3
0.5974831,0.2839875,3
0.505672,0.27721062,3
0.6547239,0.25903094,3
0.4010985,0.27310807,3
0.47442725,0.27452835,3
0.41373,0.2728118,3
0.50324553,0.28068995,3
0.50142074,0.28366733,3
0.5042447,0.27823132,3
0.6982827,0.20340365,3
0.38887295,0.27402052,3
0.4920323,0.2854174,3
0.53328764,0.27548087,3
0.5013058,0.28281572,3
0.59495866,0.2688156,3
0.50040966,0.28272146,3
0.5019752,0.28319383,3
0.50407785,0.2795039,3
0.6199662,0.2611475,3
0.6251401,0.26294586,3
0.5483188,0.27416998,3
0.50604814,0.27654558,3
0.50216717,0.2844552,3
0.5021596,0.2818143,3
0.49029285,0.27804038,3
0.37853742,0.276194,3
0.4383452,0.28071913,3
0.4168315,0.27578452,3
0.5630295,0.29036444,3
0.50706387,0.27520198,3
0.50160104,0.2843401,3
0.5016764,0.28387576,3
0.48921895,0.27858225,3
0.503493,0.2795168,3
0.5030848,0.28087065,3
0.5051477,0.27786443,3
0.3625394,0.27011645,3
0.4747484,0.28366828,3
0.516041,0.27899846,3
0.36569485,0.26536813,3
0.5010207,0.28434017,3
0.42749992,0.2743353,3
0.60171384,0.22454178,3
0.50511163,0.27824116,3
0.5379712,0.23792197,3
0.42537713,0.27810803,3
0.50346977,0.27989328,3
0.50169367,0.28195882,3
0.41806173,0.2833061,3
0.6347203,0.25820628,3
0.5009718,0.28257203,3
0.5362437,0.23936109,3
0.5038169,0.2796439,3
0.5453027,0.27624503,3
0.46302697,0.22928052,3
0.51434296,0.27981037,3
0.50141287,0.28562233,3
0.5046007,0.27874392,3
0.5042322,0.2798635,3
0.5031376,0.27951613,3
0.5010455,0.28203738,3
0.41718048,0.27373156,3
0.52886266,0.24864104,3
0.5084949,0.27465665,3
0.50287426,0.27971858,3
0.4370126,0.271401,3
0.59779596,0.26242593,3
0.5033779,0.28135827,3
0.5013673,0.28348958,3
0.4929173,0.27187443,3
0.4835172,0.2749343,3
0.55521387,0.28960788,3
0.50853103,0.27327442,3
0.62356764,0.26054892,3
0.53619623,0.23829757,3
0.5009738,0.28449538,3
0.43732095,0.23705418,3
0.6529757,0.23526001,3
0.5427131,0.25638893,3
0.35659015,0.26588017,3
0.39053273,0.27081206,3
0.5057134,0.27806267,3
0.5104338,0.28371403,3
0.54171896,0.27599797,3
0.50129724,0.28441775,3
0.5010749,0.28309995,3
0.50458723,0.27834395,3
0.5012863,0.28479216,3
0.5020698,0.28160766,3
0.5200306,0.28062385,3
0.4758798,0.27176267,3
0.5927177,0.28541532,3
0.4457752,0.27744284,3
0.50275046,0.281566,3
0.5038059,0.2804869,3
0.42790884,0.2361607,3
0.504558,0.2787029,3
0.5035385,0.28095758,3
0.5273625,0.27514958,3
0.501967,0.2844986,3
0.42358485,0.27956945,3
0.5921262,0.2796571,3
0.50611365,0.2782376,3
0.4637673,0.27560884,3
0.50092983,0.28411987,3
0.53925323,0.23588108,3
0.50082415,0.2847753,3
0.58817005,0.27748793,3
0.4562785,0.28953347,3
0.5460393,0.22987492,3
0.50480634,0.27798945,3
0.5102389,0.27482033,3
0.52378505,0.25443858,3
0.35404226,0.2662846,3
0.50128394,0.28319034,3
0.50133264,0.28228012,3
0.5002279,0.28495687,3
0.4247669,0.28276467,3
0.5016696,0.28223902,3
0.50942796,0.27350238,3
0.50142044,0.28513813,3
0.5025246,0.28219533,3
0.5053601,0.27708703,3
0.37144864,0.26894513,3
0.50113356,0.28194198,3
0.388155,0.23792434,3
0.3975379,0.27343392,3
0.50186914,0.28217947,3
0.5035098,0.2793404,3
0.5009554,0.28366777,3
0.4309919,0.23344293,3
0.4689121,0.27674922,3
0.50525415,0.28038862,3
0.55811596,0.2761697,3
0.5019325,0.28140625,3
0.50614697,0.28306693,3
0.62329614,0.2599082,3
0.4550153,0.2829803,3
0.47028184,0.277003,3
0.55792934,0.27295858,3
0.5061547,0.27638412,3
0.41772664,0.2718822,3
0.5597103,0.2256919,3
0.5096981,0.2743824,3
0.50176024,0.28184047,3
0.5083539,0.27543148,3
0.5283234,0.27674943,3
0.650261,0.24911027,3
0.5061088,0.2762941,3
0.38852522,0.27581125,3
0.50154185,0.28338182,3
0.601562,0.27314213,3
0.57177204,0.28916213,3
0.513401,0.26669747,3
0.539896,0.2358559,3
0.50681776,0.27518794,3
0.50075155,0.2831685,3
0.48285756,0.2847698,3
0.5037102,0.27955303,3
0.50737077,0.2745722,3
0.5343393,0.26977,3
0.59171134,0.26462096,3
0.4004325,0.27016285,3
0.56752986,0.27658704,3
0.5054164,0.27802655,3
0.3394025,0.2590842,3
0.5035368,0.28029016,3
0.5729879,0.2727788,3
0.43750766,0.27300313,3
0.50097376,0.28222567,3
0.50534546,0.2743414,3
0.50288576,0.28124928,3
0.50228006,0.28396618,3
0.501222,0.2842671,3
0.5231802,0.25471646,3
0.5048033,0.27921793,3
0.53528464,0.24049342,3
0.525444,0.28972876,3
0.6038694,0.262798,3
0.5057672,0.2781133,3
0.53810006,0.23795025,3
0.53821605,0.23841546,3
0.5381226,0.23783162,3
0.5014537,0.2744653,3
0.40625486,0.27585912,3
0.32838798,0.26070067,3
0.55966204,0.26793516,3
0.50197244,0.28256467,3
0.50386024,0.28014866,3
0.5015972,0.2842421,3
0.5099601,0.27344573,3
0.3892998,0.27336526,3
0.5594911,0.27854097,3
0.5065213,0.27662152,3
0.50671256,0.27677757,3
0.4175941,0.22938457,3
0.5091483,0.27500173,3
0.50868374,0.27587745,3
0.5022636,0.2760883,3
0.4994514,0.28343758,3
0.37118617,0.27032593,3
0.64565086,0.25003228,3
0.5011488,0.28210372,3
0.5340088,0.23488124,3
0.50302786,0.2796699,3
0.5009875,0.283471,3
0.42665318,0.28065935,3
0.53673667,0.28024843,3
0.5006497,0.28513005,3
0.5399173,0.23644583,3
0.49167922,0.2807609,3
0.50177073,0.28256628,3
0.51024467,0.27275985,3
0.50321025,0.2800681,3
0.50283974,0.2810779,3
0.5547359,0.28905165,3
0.6407643,0.25794396,3
0.35352597,0.2652439,3
0.50468373,0.278753,3
0.5022239,0.28165802,3
0.42515296,0.27863258,3
0.41503546,0.24055527,3
0.43745464,0.28898486,3
0.50491166,0.27889672,3
0.50404304,0.27949274,3
0.503639,0.27967244,3
0.5038764,0.2794849,3
0.5749618,0.27283147,3
0.41511762,0.2763893,3
0.5053202,0.27752078,3
0.5043725,0.27902287,3
0.45438406,0.28251106,3
0.5057217,0.27751648,3
0.50308627,0.2788983,3
0.5352406,0.23941448,3
0.53726155,0.23867692,3
0.5035035,0.28051153,3
0.52317435,0.2935588,3
0.53534675,0.24394979,3
0.55223215,0.28894034,3
0.50184864,0.28289786,3
0.54751843,0.27643526,3
0.34477136,0.26328662,3
0.4993122,0.28317407,3
0.50828105,0.27464998,3
0.5347022,0.2406108,3
0.5011504,0.28285918,3
0.5047695,0.27792564,3
0.4062189,0.23915459,3
0.5004849,0.28465682,3
0.5032005,0.27964628,3
0.63014317,0.25773597,3
0.40831718,0.2814574,3
0.501324,0.28300536,3
0.5424027,0.2778507,3
0.53594,0.23986723,3
0.50157934,0.2834858,3
0.5373095,0.23483288,3
0.6508559,0.25389025,3
0.5050006,0.2774808,3
0.50061494,0.2839368,3
0.50066334,0.2841768,3
0.5331023,0.24207337,3
0.4626519,0.27493808,3
0.50114536,0.2825295,3
0.4907253,0.28017595,3
0.5045835,0.2794622,3
0.36153874,0.2691963,3
0.5590298,0.2210816,3
0.5332467,0.28147286,3
0.5004963,0.28416762,3
0.47329432,0.28619832,3
0.45879093,0.2812624,3
0.49432078,0.2792799,3
0.5358803,0.2409234,3
0.50160325,0.2826857,3
0.50313526,0.2796845,3
0.50191194,0.28134012,3
0.54564536,0.26667544,3
0.34652096,0.26241502,3
0.4326548,0.27960578,3
0.5401254,0.28210163,3
0.5005757,0.2833879,3
0.62152135,0.2713111,3
0.42840713,0.27911845,3
0.50317293,0.28006193,3
0.50396055,0.27973938,3
0.42738557,0.2413967,3
0.50259566,0.28107905,3
0.36331528,0.2663145,3
0.3447871,0.2644481,3
0.5019063,0.28223655,3
0.50030965,0.28475118,3
0.3985522,0.2749574,3
0.50156707,0.28451315,3
0.5229764,0.25432155,3
0.5049798,0.278596,3
0.5355679,0.24083346,3
0.5346615,0.24452291,3
0.5044397,0.2781315,3
0.65086406,0.25372696,3
0.39752078,0.27487165,3
0.5067153,0.27614814,3
0.6254401,0.26166564,3
0.5008602,0.28444818,3
0.5037108,0.28013763,3
0.5050816,0.2773135,3
0.500988,0.28412148,3
0.513289,0.2663073,3
0.5050235,0.27639812,3
0.5048999,0.27766064,3
0.48143053,0.27506074,3
0.56783336,0.27760154,3
0.5010801,0.28322017,3
0.58856153,0.2673575,3
0.50273585,0.2819463,3
0.42339978,0.27855885,3
0.5042654,0.27965164,3
0.5030611,0.28102496,3
0.50359845,0.2818351,3
0.50180864,0.28173077,3
0.5532626,0.28275126,3
0.50352705,0.28039664,3
0.6216716,0.26336247,3
0.49990055,0.2850928,3
0.54376334,0.29086486,3
0.4717541,0.23051965,3
0.33611217,0.26294062,3
0.6421036,0.25884408,3
0.50109935,0.28393894,3
0.5048315,0.27799392,3
0.5024476,0.2818882,3
0.5019378,0.2831201,3
0.50112796,0.28239477,3
0.3904674,0.2710356,3
0.49990916,0.285063,3
0.5041329,0.27944973,3
0.50147116,0.28437817,3
0.50576776,0.27908516,3
0.4783316,0.29017517,3
0.37271234,0.26884165,3
0.49570632,0.29081792,3
0.5355947,0.23988387,3
0.43851152,0.27380094,3
0.41870528,0.27647737,3
0.501531,0.28465432,3
0.50120705,0.2824671,3
0.53426546,0.2413135,3
0.50646305,0.27883273,3
0.5040952,0.27973208,3
0.5960484,0.27635393,3
0.6389266,0.26555625,3
0.50090456,0.28283677,3
0.5542517,0.23678827,3
0.50433993,0.27943358,3
0.60405296,0.27173072,3
0.53874964,0.23742041,3
0.49998388,0.27733868,3
0.50180525,0.28328076,3
0.50060534,0.28368258,3
0.5372297,0.23871943,3
0.50221616,0.28136623,3
0.5146003,0.29185203,3
0.5307906,0.26901108,3
0.50615305,0.2764927,3
0.5254064,0.27627766,3
0.53577864,0.2401955,3
0.69121456,0.21084166,3
0.50299805,0.28104123,3
0.52480257,0.2902488,3
0.5030474,0.27995923,3
0.6230328,0.23036133,3
0.4503604,0.28534603,3
0.48773995,0.28603163,3
0.50278366,0.28148723,3
0.6530721,0.2504972,3
0.50638723,0.27664232,3
0.49838662,0.28181666,3
0.5240797,0.25367707,3
0.40737784,0.27753434,3
0.50147504,0.2840146,3
0.5038498,0.2794622,3
0.609056,0.26565695,3
0.5878196,0.26694822,3
0.50423557,0.27831316,3
0.5013711,0.282876,3
0.50133634,0.28357062,3
0.37997407,0.2743502,3
0.5536283,0.2729617,3
0.5056082,0.2771644,3
0.50591236,0.27624533,3
0.50659806,0.27629864,3
0.5359273,0.23968628,3
0.50380987,0.27915442,3
0.50027305,0.2847625,3
0.50202006,0.28203756,3
0.5011523,0.28453925,3
0.5030529,0.2799015,3
0.50861126,0.27426314,3
0.59165794,0.2855028,3
0.4069456,0.23964421,3
0.53952664,0.23613982,3
0.45698383,0.23815437,3
0.5027936,0.28053597,3
0.50140524,0.2836906,3
0.5035042,0.28034243,3
0.50673366,0.27840874,3
0.46308556,0.28190878,3
0.48832166,0.23155652,3
0.39590603,0.23983595,3
0.50447065,0.28048876,3
0.53729343,0.23808789,3
0.500571,0.28496265,3
0.3960131,0.27564043,3
0.50757205,0.27538309,3
0.5899102,0.27996555,3
0.61147213,0.26113755,3
0.5563383,0.2701213,3
0.5059901,0.2771751,3
0.5064189,0.2772027,3
0.5034033,0.27982333,3
0.50135565,0.28261834,3
0.5013422,0.28264615,3
0.50097954,0.28310502,3
0.50447226,0.27848446,3
0.50123376,0.28390035,3
0.5011658,0.28480586,3
0.50806004,0.27508003,3
0.500616,0.27566782,3
0.5025474,0.27948675,3
0.6031838,0.26949614,3
0.50717753,0.2748266,3
0.50170946,0.28268665,3
0.38908058,0.27369463,3
0.5041521,0.27943975,3
0.5368908,0.23836699,3
0.41691014,0.2379497,3
0.48410496,0.28551555,3
0.41949543,0.27039886,3
0.4209015,0.27096805,3
0.59721154,0.26882938,3
0.5598045,0.28131902,3
0.3533839,0.26816854,3
0.5012139,0.28320697,3
0.5551167,0.23530361,3
0.54116994,0.2685179,3
0.37930235,0.271835,3
0.50108635,0.28245842,3
0.4724654,0.2773651,3
0.38140628,0.27220044,3
0.5496549,0.2258176,3
0.50227714,0.28223547,3
0.50374776,0.2803034,3
0.5034978,0.27930275,3
0.46375793,0.27933452,3
0.51734775,0.23642889,3
0.5070237,0.278359,3
0.5143216,0.26514664,3
0.5059069,0.2770148,3
0.39807215,0.27828637,3
0.45367548,0.27739063,3
0.4077546,0.28120998,3
0.6254643,0.2619607,3
0.62653315,0.26952624,3
0.5991405,0.21941216,3
0.46066886,0.27874792,3
0.50086755,0.28475785,3
0.46010906,0.28019646,3
0.5025825,0.28080413,3
0.549157,0.27605948,3
0.32789418,0.25924042,3
0.5009126,0.28319806,3
0.507178,0.27592796,3
0.59364855,0.22951846,3
0.504522,0.27939063,3
0.49300662,0.27542534,3
0.5046236,0.27898386,3
0.5015267,0.28225902,3
0.50356734,0.28058025,3
0.5079084,0.27420664,3
0.50298077,0.27999008,3
0.62057644,0.26983243,3
0.50374776,0.2790813,3
0.5601711,0.27538565,3
0.5044925,0.2783903,3
0.50075704,0.28522828,3
0.5038532,0.27887657,3
0.5057071,0.27679512,3
0.51726925,0.28868526,3
0.5038304,0.2799899,3
0.5529272,0.2893069,3
0.5051973,0.27762732,3
0.33610156,0.26262194,3
0.50313354,0.28052136,3
0.5672686,0.2767796,3
0.5038122,0.27996945,3
0.5355632,0.2401795,3
0.6376337,0.25979236,3
0.6813836,0.2114495,3
0.3607639,0.27020097,3
0.5080394,0.2746445,3
0.5045328,0.27810943,3
0.50145346,0.28230947,3
0.55357087,0.26938462,3
0.5007443,0.28557882,3
0.50344145,0.27945828,3
0.37309206,0.2671897,3
0.5014082,0.28384387,3
0.41704267,0.24122082,3
0.522961,0.29011858,3
0.408644,0.28223652,3
0.50244063,0.28083104,3
0.5454898,0.27363694,3
0.50459296,0.277689,3
0.5036305,0.27970234,3
0.462025,0.2788888,3
0.40563557,0.27525395,3
0.50407636,0.27947545,3
0.36106965,0.27022853,3
0.5651181,0.28134334,3
0.5518703,0.2748515,3
0.49952394,0.28439417,3
0.47187245,0.27931094,3
0.50446516,0.27842823,3
0.53906566,0.23782524,3
0.6252995,0.25766915,3
0.50207484,0.28371623,3
0.5033203,0.28040543,3
0.5014974,0.28380603,3
0.5299235,0.24750806,3
0.50690866,0.24849479,3
0.50536627,0.27762827,3
0.536033,0.23909178,3
0.43056402,0.27589345,3
0.45579088,0.28244781,3
0.5367961,0.23878598,3
0.5015435,0.2814233,3
0.5369803,0.23787597,3
0.6343868,0.25355032,3
0.3713062,0.26873824,3
0.50719714,0.27626705,3
0.5013676,0.2827489,3
0.50608206,0.27766034,3
0.5042621,0.27909958,3
0.59740835,0.27470908,3
0.6460029,0.2527221,3
0.5061776,0.27654946,3
0.5009453,0.285139,3
0.50650704,0.27630758,3
0.5369748,0.23818931,3
0.5005788,0.28489745,3
0.5435724,0.29070944,3
0.5002495,0.28285187,3
0.44295713,0.2807512,3
0.50039756,0.2811209,3
0.5015006,0.2820936,3
0.4531782,0.27572766,3
0.53576684,0.24017017,3
0.53580177,0.24016936,3
0.5061248,0.27773955,3
0.5010659,0.28409705,3
0.5873222,0.26551074,3
0.59007627,0.28871113,3
0.612928,0.24673094,3
0.5073539,0.2769849,3
0.38934374,0.27641356,3
0.5348835,0.24027686,3
0.50351495,0.280661,3
0.501496,0.28374,3
0.65122604,0.2444086,3
0.50818664,0.27512375,3
0.50483036,0.27784973,3
0.5005341,0.28107092,3
0.5014588,0.28258142,3
0.50301,0.2799178,3
0.5044362,0.28020445,3
0.5400776,0.2755263,3
0.50298584,0.2816015,3
0.50696045,0.27562517,3
0.5015254,0.2842336,3
0.505194,0.27741465,3
0.501758,0.28178424,3
0.6471125,0.2616696,3
0.37066242,0.27082655,3
0.50095975,0.28216454,3
0.50354314,0.27961695,3
0.3884379,0.2766763,3
0.5356414,0.23992284,3
0.50134236,0.28175056,3
0.4511884,0.28231502,3
0.50214773,0.27649593,3
0.50062263,0.2847368,3
